id,family,answer,stored_prediction,label_free_prediction,v274_prediction,label_free_correct,v274_correct,v274_applied,v274_rule,v274_proof,prompt,raw_output
7688e06e,equation_transform,-55,55,55,-55,False,True,True,minus_signed_opposite_sign_guarded,candidate=-55; baseline=55,"In Alice's Wonderland, a secret set of transformation rules is applied to equations. Below are a few examples:
06-63 = 42
96-32 = 64
87-15 = 72
58-64 = 93
87-63 = 24
Now, determine the result for: 63-19","We need to infer the transformation rule from the examples.

Examples:
  06-63 = 42
  96-32 = 64
  87-15 = 72
  58-64 = 93
  87-63 = 24

The inputs are 06, 63, 96, 32, 87, 15, 58, 64, 87, 63

The outputs are 42, 64, 72, 93, 24
No outputs have a symbol prefix or suffix.

Looking at the input of the examples
06-63 -> -
96-32 -> -
87-15 -> -
58-64 -> -
87-63 -> -

The operators
-

Looking at the question
63-19 -> -
The question operator is found in the examples.

Looking at operator 【-】 [06-63 = 42, 96-32 = 64, 87-15 = 72, 58-64 = 93, 87-63 = 24]:
  Trying common operations reversed operands [06->60 63->36, 96->69 32->23, 87->78 15->51, 58->85 64->46, 87->78 63->36] and reversed result [expected (60,36)->42, (69,23)->64, (78,51)->72, (85,46)->93, (78,36)->24]:
    concatenation f(60, 36) = 60 || 36 = 6036 -rev-> 6306 wrong
    reverse concatenation f(69, 23) = 23 || 69 = 2369 -rev-> 9632 wrong
    addition f(78, 51) = 78 + 51 = 129 -rev-> 921 wrong
    absolute difference f(85, 46) = |85 - 46| = 39 -rev-> 93 match, f(78,36) -> |78 - 36| = 42 -rev-> 24 match, f(60,36) -> |60 - 36| = 24 -rev-> 42 match, f(69,23) -> |69 - 23| = 46 -rev-> 64 match, f(78,51) -> |78 - 51| = 27 -rev-> 72 match, correct, actions: reversed operands, reversed result, absolute difference
    negated absolute difference f(78, 36) = -|78 - 36| = -42 -rev-> -24 wrong
    subtraction (a-b) f(60, 36) = 60 - 36 = 24 -rev-> 42 match, f(69,23) -> 69 - 23 = 46 -rev-> 64 match, f(78,51) -> 78 - 51 = 27 -rev-> 72 match, f(85,46) -> 85 - 46 = 39 -rev-> 93 match, f(78,36) -> 78 - 36 = 42 -rev-> 24 match, correct, but skipping
    reverse subtraction (b-a) f(69, 23) = 23 - 69 = -46 -rev-> -64 wrong
    multiplication f(78, 51) = (70 + 8) * 51 = 70 * 51 + 8 * 51 = 3570 + 408 = 3978 -rev-> 8793 wrong
  Trying common operations on identity [06 63, 96 32, 87 15, 58 64, 87 63] [expected (06,63)->42, (96,32)->64, (87,15)->72, (58,64)->93, (87,63)->24]:
    concatenation f(06, 63) = 06 || 63 = 0663 wrong
    reverse concatenation f(96, 32) = 32 || 96 = 3296 wrong
    addition f(87, 15) = 87 + 15 = 102 wrong
    absolute difference f(58, 64) = |58 - 64| = 6 wrong
    negated absolute difference f(87, 63) = -|87 - 63| = -24 wrong
    subtraction (a-b) f(06, 63) = 06 - 63 = -57 wrong
    reverse subtraction (b-a) f(96, 32) = 32 - 96 = -64 wrong
    multiplication f(87, 15) = (80 + 7) * 15 = 80 * 15 + 7 * 15 = 1200 + 105 = 1305 wrong
  Trying common operations reversed operands [06->60 63->36, 96->69 32->23, 87->78 15->51, 58->85 64->46, 87->78 63->36] [expected (60,36)->42, (69,23)->64, (78,51)->72, (85,46)->93, (78,36)->24]:
    concatenation f(60, 36) = 60 || 36 = 6036 wrong
    reverse concatenation f(69, 23) = 23 || 69 = 2369 wrong
    addition f(78, 51) = 78 + 51 = 129 wrong
    absolute difference f(85, 46) = |85 - 46| = 39 wrong
    negated absolute difference f(78, 36) = -|78 - 36| = -42 wrong
    subtraction (a-b) f(60, 36) = 60 - 36 = 24 wrong
    reverse subtraction (b-a) f(69, 23) = 23 - 69 = -46 wrong
    multiplication f(78, 51) = (70 + 8) * 51 = 70 * 51 + 8 * 51 = 3570 + 408 = 3978 wrong
  Trying common operations identity operands [06 63, 96 32, 87 15, 58 64, 87 63] reversed result [expected (06,63)->42, (96,32)->64, (87,15)->72, (58,64)->93, (87,63)->24]:
    concatenation f(06, 63) = 06 || 63 = 0663 -rev-> 3660 wrong
    reverse concatenation f(96, 32) = 32 || 96 = 3296 -rev-> 6923 wrong
    addition f(87, 15) = 87 + 15 = 102 -rev-> 201 wrong
    absolute difference f(58, 64) = |58 - 64| = 6 -rev-> 6 wrong
    negated absolute difference f(87, 63) = -|87 - 63| = -24 -rev-> -42 wrong
    subtraction (a-b) f(06, 63) = 06 - 63 = -57 -rev-> -75 wrong
    reverse subtraction (b-a) f(96, 32) = 32 - 96 = -64 -rev-> -46 wrong
    multiplication f(87, 15) = (80 + 7) * 15 = 80 * 15 + 7 * 15 = 1200 + 105 = 1305 -rev-> 5031 wrong
  Trying rare operations reversed operands [06->60 63->36, 96->69 32->23, 87->78 15->51, 58->85 64->46, 87->78 63->36] and reversed result [expected (60,36)->42, (69,23)->64, (78,51)->72, (85,46)->93, (78,36)->24]:
    multiply+1 f(60, 36) = (60 + 0) * 36 + 1 = 60 * 36 + 0 * 36 + 1 = 2160 + 0 + 1 = 2160 + 1 = 2161 -rev-> 1612 wrong
    multiply-1 f(69, 23) = (60 + 9) * 23 - 1 = 60 * 23 + 9 * 23 - 1 = 1380 + 207 - 1 = 1587 - 1 = 1586 -rev-> 6851 wrong
    add+1 f(78, 51) = 78 + 51 + 1 = 130 -rev-> 031 wrong
    add-1 f(85, 46) = 85 + 46 - 1 = 130 -rev-> 031 wrong
    sub+1 f(78, 36) = 78 - 36 + 1 = 43 -rev-> 34 wrong
    sub-1 f(60, 36) = 60 - 36 - 1 = 23 -rev-> 32 wrong
    max mod min f(69, 23) = max(69,23) mod min(69,23) = 69 mod 23 = 0 -rev-> 0 wrong
    integer division (a/b) f(78, 51) = 78 / 51 = 1 -rev-> 1 wrong
    modulo (a mod b) f(85, 46) = 85 mod 46 = 39 -rev-> 93 match, f(78,36) -> 78 mod 36 = 6 -rev-> 6 wrong
    reverse division (b/a) f(78, 36) = 36 / 78 = 0 -rev-> 0 wrong
    reverse modulo (b mod a) f(60, 36) = 36 mod 60 = 36 -rev-> 63 wrong
    digit absolute diff f(69, 23) = |6-2| || |9-3| = 46 -rev-> 64 match, f(78,51) -> |7-5| || |8-1| = 27 -rev-> 72 match, f(85,46) -> |8-4| || |5-6| = 41 -rev-> 14 wrong
    digit add mod10 f(78, 51) = (7+5)%10 || (8+1)%10 = 29 -rev-> 92 wrong
    digit sub mod10 f(85, 46) = (8-4)%10 || (5-6)%10 = 49 -rev-> 94 wrong
    cross multiply f(78, 36) = 7*3 + 8*6 = 21 + 48 = 69 -rev-> 96 wrong
    cross multiply rev f(60, 36) = 6*6 + 0*3 = 36 + 0 = 36 -rev-> 63 wrong
    digit multiply f(69, 23) = 6*2 || 9*3 = 12 || 27 = 1227 -rev-> 7221 wrong
    digit multiply rev f(78, 51) = 7*1 || 8*5 = 7 || 40 = 740 -rev-> 047 wrong
    digit sum diff f(85, 46) = (8+5) - (4+6) = 3 -rev-> 3 wrong
    digit sum sum f(78, 36) = (7+8) + (3+6) = 24 -rev-> 42 wrong
    digit product diff f(60, 36) = 6*0 - 3*6 = 0 - 18 = -18 -rev-> -81 wrong
    digit product sum f(69, 23) = 6*9 + 2*3 = 54 + 6 = 60 -rev-> 06 wrong
    determinant f(78, 51) = 7*1 - 8*5 = 7 - 40 = -33 -rev-> -33 wrong
    abs determinant f(85, 46) = |8*6 - 5*4| = |48 - 20| = 28 -rev-> 82 wrong
  Trying rare operations on identity [06 63, 96 32, 87 15, 58 64, 87 63] [expected (06,63)->42, (96,32)->64, (87,15)->72, (58,64)->93, (87,63)->24]:
    multiply+1 f(06, 63) = (0 + 6) * 63 + 1 = 0 * 63 + 6 * 63 + 1 = 0 + 378 + 1 = 378 + 1 = 379 wrong
    multiply-1 f(96, 32) = (90 + 6) * 32 - 1 = 90 * 32 + 6 * 32 - 1 = 2880 + 192 - 1 = 3072 - 1 = 3071 wrong
    add+1 f(87, 15) = 87 + 15 + 1 = 103 wrong
    add-1 f(58, 64) = 58 + 64 - 1 = 121 wrong
    sub+1 f(87, 63) = 87 - 63 + 1 = 25 wrong
    sub-1 f(06, 63) = 06 - 63 - 1 = -58 wrong
    max mod min f(96, 32) = max(96,32) mod min(96,32) = 96 mod 32 = 0 wrong
    integer division (a/b) f(87, 15) = 87 / 15 = 5 wrong
    modulo (a mod b) f(58, 64) = 58 mod 64 = 58 wrong
    reverse division (b/a) f(87, 63) = 63 / 87 = 0 wrong
    reverse modulo (b mod a) f(06, 63) = 63 mod 06 = 3 wrong
    digit absolute diff f(96, 32) = |9-3| || |6-2| = 64 match, f(87,15) -> |8-1| || |7-5| = 72 match, f(58,64) -> |5-6| || |8-4| = 14 wrong
    digit add mod10 f(87, 15) = (8+1)%10 || (7+5)%10 = 92 wrong
    digit sub mod10 f(58, 64) = (5-6)%10 || (8-4)%10 = 94 wrong
    cross multiply f(87, 63) = 8*6 + 7*3 = 48 + 21 = 69 wrong
    cross multiply rev f(06, 63) = 0*3 + 6*6 = 0 + 36 = 36 wrong
    digit multiply f(96, 32) = 9*3 || 6*2 = 27 || 12 = 2712 wrong
    digit multiply rev f(87, 15) = 8*5 || 7*1 = 40 || 7 = 407 wrong
    digit sum diff f(58, 64) = (5+8) - (6+4) = 3 wrong
    digit sum sum f(87, 15) = (8+7) + (1+5) = 21 wrong
    digit product diff f(87, 63) = 8*7 - 6*3 = 56 - 18 = 38 wrong
    digit product sum f(06, 63) = 0*6 + 6*3 = 0 + 18 = 18 wrong
    determinant f(96, 32) = 9*2 - 6*3 = 18 - 18 = 0 wrong
    abs determinant f(87, 15) = |8*5 - 7*1| = |40 - 7| = 33 wrong
  Trying rare operations reversed operands [06->60 63->36, 96->69 32->23, 87->78 15->51, 58->85 64->46, 87->78 63->36] [expected (60,36)->42, (69,23)->64, (78,51)->72, (85,46)->93, (78,36)->24]:
    multiply+1 f(60, 36) = (60 + 0) * 36 + 1 = 60 * 36 + 0 * 36 + 1 = 2160 + 0 + 1 = 2160 + 1 = 2161 wrong
    multiply-1 f(69, 23) = (60 + 9) * 23 - 1 = 60 * 23 + 9 * 23 - 1 = 1380 + 207 - 1 = 1587 - 1 = 1586 wrong
    add+1 f(78, 51) = 78 + 51 + 1 = 130 wrong
    add-1 f(85, 46) = 85 + 46 - 1 = 130 wrong
    sub+1 f(78, 36) = 78 - 36 + 1 = 43 wrong
    sub-1 f(60, 36) = 60 - 36 - 1 = 23 wrong
    max mod min f(69, 23) = max(69,23) mod min(69,23) = 69 mod 23 = 0 wrong
    integer division (a/b) f(78, 51) = 78 / 51 = 1 wrong
    modulo (a mod b) f(85, 46) = 85 mod 46 = 39 wrong
    reverse division (b/a) f(78, 36) = 36 / 78 = 0 wrong
    reverse modulo (b mod a) f(60, 36) = 36 mod 60 = 36 wrong
    digit absolute diff f(69, 23) = |6-2| || |9-3| = 46 wrong
    digit add mod10 f(78, 51) = (7+5)%10 || (8+1)%10 = 29 wrong
    digit sub mod10 f(85, 46) = (8-4)%10 || (5-6)%10 = 49 wrong
    cross multiply f(78, 36) = 7*3 + 8*6 = 21 + 48 = 69 wrong
    cross multiply rev f(60, 36) = 6*6 + 0*3 = 36 + 0 = 36 wrong
    digit multiply f(69, 23) = 6*2 || 9*3 = 12 || 27 = 1227 wrong
    digit multiply rev f(78, 51) = 7*1 || 8*5 = 7 || 40 = 740 wrong
    digit sum diff f(85, 46) = (8+5) - (4+6) = 3 wrong
    digit sum sum f(78, 36) = (7+8) + (3+6) = 24 wrong
    digit product diff f(60, 36) = 6*0 - 3*6 = 0 - 18 = -18 wrong
    digit product sum f(69, 23) = 6*9 + 2*3 = 54 + 6 = 60 wrong
    determinant f(78, 51) = 7*1 - 8*5 = 7 - 40 = -33 wrong
    abs determinant f(85, 46) = |8*6 - 5*4| = |48 - 20| = 28 wrong
  Trying rare operations identity operands [06 63, 96 32, 87 15, 58 64, 87 63] reversed result [expected (06,63)->42, (96,32)->64, (87,15)->72, (58,64)->93, (87,63)->24]:
    multiply+1 f(06, 63) = (0 + 6) * 63 + 1 = 0 * 63 + 6 * 63 + 1 = 0 + 378 + 1 = 378 + 1 = 379 -rev-> 973 wrong
    multiply-1 f(96, 32) = (90 + 6) * 32 - 1 = 90 * 32 + 6 * 32 - 1 = 2880 + 192 - 1 = 3072 - 1 = 3071 -rev-> 1703 wrong
    add+1 f(87, 15) = 87 + 15 + 1 = 103 -rev-> 301 wrong
    add-1 f(58, 64) = 58 + 64 - 1 = 121 -rev-> 121 wrong
    sub+1 f(87, 63) = 87 - 63 + 1 = 25 -rev-> 52 wrong
    sub-1 f(06, 63) = 06 - 63 - 1 = -58 -rev-> -85 wrong
    max mod min f(96, 32) = max(96,32) mod min(96,32) = 96 mod 32 = 0 -rev-> 0 wrong
    integer division (a/b) f(87, 15) = 87 / 15 = 5 -rev-> 5 wrong
    modulo (a mod b) f(58, 64) = 58 mod 64 = 58 -rev-> 85 wrong
    reverse division (b/a) f(87, 63) = 63 / 87 = 0 -rev-> 0 wrong
    reverse modulo (b mod a) f(06, 63) = 63 mod 06 = 3 -rev-> 3 wrong
    digit absolute diff f(96, 32) = |9-3| || |6-2| = 64 -rev-> 46 wrong
    digit add mod10 f(87, 15) = (8+1)%10 || (7+5)%10 = 92 -rev-> 29 wrong
    digit sub mod10 f(58, 64) = (5-6)%10 || (8-4)%10 = 94 -rev-> 49 wrong
    cross multiply f(87, 63) = 8*6 + 7*3 = 48 + 21 = 69 -rev-> 96 wrong
    cross multiply rev f(06, 63) = 0*3 + 6*6 = 0 + 36 = 36 -rev-> 63 wrong
    digit multiply f(96, 32) = 9*3 || 6*2 = 27 || 12 = 2712 -rev-> 2172 wrong
    digit multiply rev f(87, 15) = 8*5 || 7*1 = 40 || 7 = 407 -rev-> 704 wrong
    digit sum diff f(58, 64) = (5+8) - (6+4) = 3 -rev-> 3 wrong
    digit sum sum f(87, 15) = (8+7) + (1+5) = 21 -rev-> 12 wrong
    digit product diff f(87, 63) = 8*7 - 6*3 = 56 - 18 = 38 -rev-> 83 wrong
    digit product sum f(06, 63) = 0*6 + 6*3 = 0 + 18 = 18 -rev-> 81 wrong
    determinant f(96, 32) = 9*2 - 6*3 = 18 - 18 = 0 -rev-> 0 wrong
    abs determinant f(87, 15) = |8*5 - 7*1| = |40 - 7| = 33 -rev-> 33 wrong

Applying to 63-19:
  reversed operands [63->36, 19->91] and reversed result
  absolute difference f(36, 91) = |36 - 91| = 55 -rev-> 55
  Result: 【55】

I will now return the answer in
The answer in  is
</think>
</think>
\boxed{55}"
274def88,equation_transform,92,-92,-92,92,False,True,True,minus_signed_opposite_sign_guarded,candidate=92; baseline=-92,"In Alice's Wonderland, a secret set of transformation rules is applied to equations. Below are a few examples:
33*74 = 2551
29-79 = -5
17+69 = 861
01-72 = -71
42*38 = 3991
Now, determine the result for: 85-92","We need to infer the transformation rule from the examples.

Examples:
  33*74 = 2551
  29-79 = -5
  17+69 = 861
  01-72 = -71
  42*38 = 3991

The inputs are 33, 74, 29, 79, 17, 69, 01, 72, 42, 38

The outputs are 2551, -5, 861, -71, 3991
Some outputs have the operator symbol as prefix 【-】.
We now consider the outputs to be 2551, -5, 861, -71, 3991
We will add back the operator prefix if our answer is negative.

Looking at the input of the examples
33*74 -> *
29-79 -> -
17+69 -> +
01-72 -> -
42*38 -> *

The operators
*
-
+

Looking at the question
85-92 -> -
The question operator is found in the examples.

Looking at operator 【-】 [29-79 = -5, 01-72 = -71]:
  Trying common operations reversed operands [29->92 79->97, 01->10 72->27] and reversed result [expected (92,97)->-5, (10,27)->-71]:
    concatenation f(92, 97) = 92 || 97 = 9297 -rev-> 7929 wrong
    reverse concatenation f(10, 27) = 27 || 10 = 2710 -rev-> 0172 wrong
    addition f(92, 97) = 92 + 97 = 189 -rev-> 981 wrong
    absolute difference f(10, 27) = |10 - 27| = 17 -rev-> 71 wrong
    negated absolute difference f(92, 97) = -|92 - 97| = -5 -rev-> -5 match, f(10,27) -> -|10 - 27| = -17 -rev-> -71 match, correct, actions: reversed operands, reversed result, negated absolute difference
    subtraction (a-b) f(10, 27) = 10 - 27 = -17 -rev-> -71 match, f(92,97) -> 92 - 97 = -5 -rev-> -5 match, correct, but skipping
    reverse subtraction (b-a) f(92, 97) = 97 - 92 = 5 -rev-> 5 wrong
    multiplication f(10, 27) = (10 + 0) * 27 = 10 * 27 + 0 * 27 = 270 + 0 = 270 -rev-> 072 wrong
  Trying common operations on identity [29 79, 01 72] [expected (29,79)->-5, (01,72)->-71]:
    concatenation f(29, 79) = 29 || 79 = 2979 wrong
    reverse concatenation f(01, 72) = 72 || 01 = 7201 wrong
    addition f(29, 79) = 29 + 79 = 108 wrong
    absolute difference f(01, 72) = |01 - 72| = 71 wrong
    negated absolute difference f(29, 79) = -|29 - 79| = -50 wrong
    subtraction (a-b) f(01, 72) = 01 - 72 = -71 match, f(29,79) -> 29 - 79 = -50 wrong
    reverse subtraction (b-a) f(29, 79) = 79 - 29 = 50 wrong
    multiplication f(01, 72) = (0 + 1) * 72 = 0 * 72 + 1 * 72 = 0 + 72 = 72 wrong
  Trying common operations reversed operands [29->92 79->97, 01->10 72->27] [expected (92,97)->-5, (10,27)->-71]:
    concatenation f(92, 97) = 92 || 97 = 9297 wrong
    reverse concatenation f(10, 27) = 27 || 10 = 2710 wrong
    addition f(92, 97) = 92 + 97 = 189 wrong
    absolute difference f(10, 27) = |10 - 27| = 17 wrong
    negated absolute difference f(92, 97) = -|92 - 97| = -5 match, f(10,27) -> -|10 - 27| = -17 wrong
    subtraction (a-b) f(10, 27) = 10 - 27 = -17 wrong
    reverse subtraction (b-a) f(92, 97) = 97 - 92 = 5 wrong
    multiplication f(10, 27) = (10 + 0) * 27 = 10 * 27 + 0 * 27 = 270 + 0 = 270 wrong
  Trying common operations identity operands [29 79, 01 72] reversed result [expected (29,79)->-5, (01,72)->-71]:
    concatenation f(29, 79) = 29 || 79 = 2979 -rev-> 9792 wrong
    reverse concatenation f(01, 72) = 72 || 01 = 7201 -rev-> 1027 wrong
    addition f(29, 79) = 29 + 79 = 108 -rev-> 801 wrong
    absolute difference f(01, 72) = |01 - 72| = 71 -rev-> 17 wrong
    negated absolute difference f(29, 79) = -|29 - 79| = -50 -rev-> -05 wrong
    subtraction (a-b) f(01, 72) = 01 - 72 = -71 -rev-> -17 wrong
    reverse subtraction (b-a) f(29, 79) = 79 - 29 = 50 -rev-> 05 wrong
    multiplication f(01, 72) = (0 + 1) * 72 = 0 * 72 + 1 * 72 = 0 + 72 = 72 -rev-> 27 wrong
  Trying rare operations reversed operands [29->92 79->97, 01->10 72->27] and reversed result [expected (92,97)->-5, (10,27)->-71]:
    multiply+1 f(92, 97) = (90 + 2) * 97 + 1 = 90 * 97 + 2 * 97 + 1 = 8730 + 194 + 1 = 8924 + 1 = 8925 -rev-> 5298 wrong
    multiply-1 f(10, 27) = (10 + 0) * 27 - 1 = 10 * 27 + 0 * 27 - 1 = 270 + 0 - 1 = 270 - 1 = 269 -rev-> 962 wrong
    add+1 f(92, 97) = 92 + 97 + 1 = 190 -rev-> 091 wrong
    add-1 f(10, 27) = 10 + 27 - 1 = 36 -rev-> 63 wrong
    sub+1 f(92, 97) = 92 - 97 + 1 = -4 -rev-> -4 wrong
    sub-1 f(10, 27) = 10 - 27 - 1 = -18 -rev-> -81 wrong
    max mod min f(92, 97) = max(92,97) mod min(92,97) = 97 mod 92 = 5 -rev-> 5 wrong
    integer division (a/b) f(10, 27) = 10 / 27 = 0 -rev-> 0 wrong
    modulo (a mod b) f(92, 97) = 92 mod 97 = 92 -rev-> 29 wrong
    reverse division (b/a) f(10, 27) = 27 / 10 = 2 -rev-> 2 wrong
    reverse modulo (b mod a) f(92, 97) = 97 mod 92 = 5 -rev-> 5 wrong
    digit absolute diff f(10, 27) = |1-2| || |0-7| = 17 -rev-> 71 wrong
    digit add mod10 f(92, 97) = (9+9)%10 || (2+7)%10 = 89 -rev-> 98 wrong
    digit sub mod10 f(10, 27) = (1-2)%10 || (0-7)%10 = 93 -rev-> 39 wrong
    cross multiply f(92, 97) = 9*9 + 2*7 = 81 + 14 = 95 -rev-> 59 wrong
    cross multiply rev f(10, 27) = 1*7 + 0*2 = 7 + 0 = 7 -rev-> 7 wrong
    digit multiply f(92, 97) = 9*9 || 2*7 = 81 || 14 = 8114 -rev-> 4118 wrong
    digit multiply rev f(10, 27) = 1*7 || 0*2 = 7 || 0 = 70 -rev-> 07 wrong
    digit sum diff f(92, 97) = (9+2) - (9+7) = -5 -rev-> -5 match, f(10,27) -> (1+0) - (2+7) = -8 -rev-> -8 wrong
    digit sum sum f(10, 27) = (1+0) + (2+7) = 10 -rev-> 01 wrong
    digit product diff f(92, 97) = 9*2 - 9*7 = 18 - 63 = -45 -rev-> -54 wrong
    digit product sum f(10, 27) = 1*0 + 2*7 = 0 + 14 = 14 -rev-> 41 wrong
    determinant f(92, 97) = 9*7 - 2*9 = 63 - 18 = 45 -rev-> 54 wrong
    abs determinant f(10, 27) = |1*7 - 0*2| = |7 - 0| = 7 -rev-> 7 wrong
  Trying rare operations on identity [29 79, 01 72] [expected (29,79)->-5, (01,72)->-71]:
    multiply+1 f(29, 79) = (20 + 9) * 79 + 1 = 20 * 79 + 9 * 79 + 1 = 1580 + 711 + 1 = 2291 + 1 = 2292 wrong
    multiply-1 f(01, 72) = (0 + 1) * 72 - 1 = 0 * 72 + 1 * 72 - 1 = 0 + 72 - 1 = 72 - 1 = 71 wrong
    add+1 f(29, 79) = 29 + 79 + 1 = 109 wrong
    add-1 f(01, 72) = 01 + 72 - 1 = 72 wrong
    sub+1 f(29, 79) = 29 - 79 + 1 = -49 wrong
    sub-1 f(01, 72) = 01 - 72 - 1 = -72 wrong
    max mod min f(29, 79) = max(29,79) mod min(29,79) = 79 mod 29 = 21 wrong
    integer division (a/b) f(01, 72) = 01 / 72 = 0 wrong
    modulo (a mod b) f(29, 79) = 29 mod 79 = 29 wrong
    reverse division (b/a) f(01, 72) = 72 / 01 = 72 wrong
    reverse modulo (b mod a) f(29, 79) = 79 mod 29 = 21 wrong
    digit absolute diff f(01, 72) = |0-7| || |1-2| = 71 wrong
    digit add mod10 f(29, 79) = (2+7)%10 || (9+9)%10 = 98 wrong
    digit sub mod10 f(01, 72) = (0-7)%10 || (1-2)%10 = 39 wrong
    cross multiply f(29, 79) = 2*7 + 9*9 = 14 + 81 = 95 wrong
    cross multiply rev f(01, 72) = 0*2 + 1*7 = 0 + 7 = 7 wrong
    digit multiply f(29, 79) = 2*7 || 9*9 = 14 || 81 = 1481 wrong
    digit multiply rev f(01, 72) = 0*2 || 1*7 = 0 || 7 = 07 wrong
    digit sum diff f(29, 79) = (2+9) - (7+9) = -5 match, f(01,72) -> (0+1) - (7+2) = -8 wrong
    digit sum sum f(01, 72) = (0+1) + (7+2) = 10 wrong
    digit product diff f(29, 79) = 2*9 - 7*9 = 18 - 63 = -45 wrong
    digit product sum f(01, 72) = 0*1 + 7*2 = 0 + 14 = 14 wrong
    determinant f(29, 79) = 2*9 - 9*7 = 18 - 63 = -45 wrong
    abs determinant f(01, 72) = |0*2 - 1*7| = |0 - 7| = 7 wrong
  Trying rare operations reversed operands [29->92 79->97, 01->10 72->27] [expected (92,97)->-5, (10,27)->-71]:
    multiply+1 f(92, 97) = (90 + 2) * 97 + 1 = 90 * 97 + 2 * 97 + 1 = 8730 + 194 + 1 = 8924 + 1 = 8925 wrong
    multiply-1 f(10, 27) = (10 + 0) * 27 - 1 = 10 * 27 + 0 * 27 - 1 = 270 + 0 - 1 = 270 - 1 = 269 wrong
    add+1 f(92, 97) = 92 + 97 + 1 = 190 wrong
    add-1 f(10, 27) = 10 + 27 - 1 = 36 wrong
    sub+1 f(92, 97) = 92 - 97 + 1 = -4 wrong
    sub-1 f(10, 27) = 10 - 27 - 1 = -18 wrong
    max mod min f(92, 97) = max(92,97) mod min(92,97) = 97 mod 92 = 5 wrong
    integer division (a/b) f(10, 27) = 10 / 27 = 0 wrong
    modulo (a mod b) f(92, 97) = 92 mod 97 = 92 wrong
    reverse division (b/a) f(10, 27) = 27 / 10 = 2 wrong
    reverse modulo (b mod a) f(92, 97) = 97 mod 92 = 5 wrong
    digit absolute diff f(10, 27) = |1-2| || |0-7| = 17 wrong
    digit add mod10 f(92, 97) = (9+9)%10 || (2+7)%10 = 89 wrong
    digit sub mod10 f(10, 27) = (1-2)%10 || (0-7)%10 = 93 wrong
    cross multiply f(92, 97) = 9*9 + 2*7 = 81 + 14 = 95 wrong
    cross multiply rev f(10, 27) = 1*7 + 0*2 = 7 + 0 = 7 wrong
    digit multiply f(92, 97) = 9*9 || 2*7 = 81 || 14 = 8114 wrong
    digit multiply rev f(10, 27) = 1*7 || 0*2 = 7 || 0 = 70 wrong
    digit sum diff f(92, 97) = (9+2) - (9+7) = -5 match, f(10,27) -> (1+0) - (2+7) = -8 wrong
    digit sum sum f(10, 27) = (1+0) + (2+7) = 10 wrong
    digit product diff f(92, 97) = 9*2 - 9*7 = 18 - 63 = -45 wrong
    digit product sum f(10, 27) = 1*0 + 2*7 = 0 + 14 = 14 wrong
    determinant f(92, 97) = 9*7 - 2*9 = 63 - 18 = 45 wrong
    abs determinant f(10, 27) = |1*7 - 0*2| = |7 - 0| = 7 wrong
  Trying rare operations identity operands [29 79, 01 72] reversed result [expected (29,79)->-5, (01,72)->-71]:
    multiply+1 f(29, 79) = (20 + 9) * 79 + 1 = 20 * 79 + 9 * 79 + 1 = 1580 + 711 + 1 = 2291 + 1 = 2292 -rev-> 2922 wrong
    multiply-1 f(01, 72) = (0 + 1) * 72 - 1 = 0 * 72 + 1 * 72 - 1 = 0 + 72 - 1 = 72 - 1 = 71 -rev-> 17 wrong
    add+1 f(29, 79) = 29 + 79 + 1 = 109 -rev-> 901 wrong
    add-1 f(01, 72) = 01 + 72 - 1 = 72 -rev-> 27 wrong
    sub+1 f(29, 79) = 29 - 79 + 1 = -49 -rev-> -94 wrong
    sub-1 f(01, 72) = 01 - 72 - 1 = -72 -rev-> -27 wrong
    max mod min f(29, 79) = max(29,79) mod min(29,79) = 79 mod 29 = 21 -rev-> 12 wrong
    integer division (a/b) f(01, 72) = 01 / 72 = 0 -rev-> 0 wrong
    modulo (a mod b) f(29, 79) = 29 mod 79 = 29 -rev-> 92 wrong
    reverse division (b/a) f(01, 72) = 72 / 01 = 72 -rev-> 27 wrong
    reverse modulo (b mod a) f(29, 79) = 79 mod 29 = 21 -rev-> 12 wrong
    digit absolute diff f(01, 72) = |0-7| || |1-2| = 71 -rev-> 17 wrong
    digit add mod10 f(29, 79) = (2+7)%10 || (9+9)%10 = 98 -rev-> 89 wrong
    digit sub mod10 f(01, 72) = (0-7)%10 || (1-2)%10 = 39 -rev-> 93 wrong
    cross multiply f(29, 79) = 2*7 + 9*9 = 14 + 81 = 95 -rev-> 59 wrong
    cross multiply rev f(01, 72) = 0*2 + 1*7 = 0 + 7 = 7 -rev-> 7 wrong
    digit multiply f(29, 79) = 2*7 || 9*9 = 14 || 81 = 1481 -rev-> 1841 wrong
    digit multiply rev f(01, 72) = 0*2 || 1*7 = 0 || 7 = 07 -rev-> 70 wrong
    digit sum diff f(29, 79) = (2+9) - (7+9) = -5 -rev-> -5 match, f(01,72) -> (0+1) - (7+2) = -8 -rev-> -8 wrong
    digit sum sum f(01, 72) = (0+1) + (7+2) = 10 -rev-> 01 wrong
    digit product diff f(29, 79) = 2*9 - 7*9 = 18 - 63 = -45 -rev-> -54 wrong
    digit product sum f(01, 72) = 0*1 + 7*2 = 0 + 14 = 14 -rev-> 41 wrong
    determinant f(29, 79) = 2*9 - 9*7 = 18 - 63 = -45 -rev-> -54 wrong
    abs determinant f(01, 72) = |0*2 - 1*7| = |0 - 7| = 7 -rev-> 7 wrong

Applying to 85-92:
  reversed operands [85->58, 92->29] and reversed result
  negated absolute difference f(58, 29) = -|58 - 29| = -29 -rev-> -92
  Result is negative - we add back the operator prefix 【-】: -92 -> 【-92】
  Result: 【-92】

I will now return the answer in
The answer in  is
</think>
</think>
\boxed{-92}"
d1bd7478,equation_transform,30,03,03,30,False,True,True,colon_absdiff_unreverse_same_len,candidate=30; baseline=03,"In Alice's Wonderland, a secret set of transformation rules is applied to equations. Below are a few examples:
89$90 = 8010
88:77 = 11
10|87 = 98
41|87 = 129
Now, determine the result for: 37:67","We need to infer the transformation rule from the examples.

Examples:
  89$90 = 8010
  88:77 = 11
  10|87 = 98
  41|87 = 129

The inputs are 89, 90, 88, 77, 10, 87, 41, 87

The outputs are 8010, 11, 98, 129
No outputs have a symbol prefix or suffix.

Looking at the input of the examples
89$90 -> $
88:77 -> :
10|87 -> |
41|87 -> |

The operators
$
:
|

Looking at the question
37:67 -> :
The question operator is found in the examples.

Looking at operator 【:】 [88:77 = 11]:
  Trying common operations reversed operands [88->88 77->77] and reversed result [expected (88,77)->11]:
    concatenation f(88, 77) = 88 || 77 = 8877 -rev-> 7788 wrong
    reverse concatenation f(88, 77) = 77 || 88 = 7788 -rev-> 8877 wrong
    addition f(88, 77) = 88 + 77 = 165 -rev-> 561 wrong
    absolute difference f(88, 77) = |88 - 77| = 11 -rev-> 11 match, correct, actions: reversed operands, reversed result, absolute difference
    negated absolute difference f(88, 77) = -|88 - 77| = -11 -rev-> -11 wrong
    subtraction (a-b) f(88, 77) = 88 - 77 = 11 -rev-> 11 match, correct, but skipping
    reverse subtraction (b-a) f(88, 77) = 77 - 88 = -11 -rev-> -11 wrong
    multiplication f(88, 77) = (80 + 8) * 77 = 80 * 77 + 8 * 77 = 6160 + 616 = 6776 -rev-> 6776 wrong
  Trying common operations on identity [88 77] [expected (88,77)->11]:
    concatenation f(88, 77) = 88 || 77 = 8877 wrong
    reverse concatenation f(88, 77) = 77 || 88 = 7788 wrong
    addition f(88, 77) = 88 + 77 = 165 wrong
    absolute difference f(88, 77) = |88 - 77| = 11 match, correct, but skipping
    negated absolute difference f(88, 77) = -|88 - 77| = -11 wrong
    subtraction (a-b) f(88, 77) = 88 - 77 = 11 match, correct, but skipping
    reverse subtraction (b-a) f(88, 77) = 77 - 88 = -11 wrong
    multiplication f(88, 77) = (80 + 8) * 77 = 80 * 77 + 8 * 77 = 6160 + 616 = 6776 wrong
  Trying common operations reversed operands [88->88 77->77] [expected (88,77)->11]:
    concatenation f(88, 77) = 88 || 77 = 8877 wrong
    reverse concatenation f(88, 77) = 77 || 88 = 7788 wrong
    addition f(88, 77) = 88 + 77 = 165 wrong
    absolute difference f(88, 77) = |88 - 77| = 11 match, correct, but skipping
    negated absolute difference f(88, 77) = -|88 - 77| = -11 wrong
    subtraction (a-b) f(88, 77) = 88 - 77 = 11 match, correct, but skipping
    reverse subtraction (b-a) f(88, 77) = 77 - 88 = -11 wrong
    multiplication f(88, 77) = (80 + 8) * 77 = 80 * 77 + 8 * 77 = 6160 + 616 = 6776 wrong
  Trying common operations identity operands [88 77] reversed result [expected (88,77)->11]:
    concatenation f(88, 77) = 88 || 77 = 8877 -rev-> 7788 wrong
    reverse concatenation f(88, 77) = 77 || 88 = 7788 -rev-> 8877 wrong
    addition f(88, 77) = 88 + 77 = 165 -rev-> 561 wrong
    absolute difference f(88, 77) = |88 - 77| = 11 -rev-> 11 match, correct, but skipping
    negated absolute difference f(88, 77) = -|88 - 77| = -11 -rev-> -11 wrong
    subtraction (a-b) f(88, 77) = 88 - 77 = 11 -rev-> 11 match, correct, but skipping
    reverse subtraction (b-a) f(88, 77) = 77 - 88 = -11 -rev-> -11 wrong
    multiplication f(88, 77) = (80 + 8) * 77 = 80 * 77 + 8 * 77 = 6160 + 616 = 6776 -rev-> 6776 wrong
  Trying rare operations reversed operands [88->88 77->77] and reversed result [expected (88,77)->11]:
    multiply+1 f(88, 77) = (80 + 8) * 77 + 1 = 80 * 77 + 8 * 77 + 1 = 6160 + 616 + 1 = 6776 + 1 = 6777 -rev-> 7776 wrong
    multiply-1 f(88, 77) = (80 + 8) * 77 - 1 = 80 * 77 + 8 * 77 - 1 = 6160 + 616 - 1 = 6776 - 1 = 6775 -rev-> 5776 wrong
    add+1 f(88, 77) = 88 + 77 + 1 = 166 -rev-> 661 wrong
    add-1 f(88, 77) = 88 + 77 - 1 = 164 -rev-> 461 wrong
    sub+1 f(88, 77) = 88 - 77 + 1 = 12 -rev-> 21 wrong
    sub-1 f(88, 77) = 88 - 77 - 1 = 10 -rev-> 01 wrong
    max mod min f(88, 77) = max(88,77) mod min(88,77) = 88 mod 77 = 11 -rev-> 11 match, correct, but skipping
    integer division (a/b) f(88, 77) = 88 / 77 = 1 -rev-> 1 wrong
    modulo (a mod b) f(88, 77) = 88 mod 77 = 11 -rev-> 11 match, correct, but skipping
    reverse division (b/a) f(88, 77) = 77 / 88 = 0 -rev-> 0 wrong
    reverse modulo (b mod a) f(88, 77) = 77 mod 88 = 77 -rev-> 77 wrong
    digit absolute diff f(88, 77) = |8-7| || |8-7| = 11 -rev-> 11 match, correct, but skipping
    digit add mod10 f(88, 77) = (8+7)%10 || (8+7)%10 = 52 -rev-> 25 wrong
    digit sub mod10 f(88, 77) = (8-7)%10 || (8-7)%10 = 11 -rev-> 11 match, correct, but skipping
    cross multiply f(88, 77) = 8*7 + 8*7 = 56 + 56 = 112 -rev-> 211 wrong
    cross multiply rev f(88, 77) = 8*7 + 8*7 = 56 + 56 = 112 -rev-> 211 wrong
    digit multiply f(88, 77) = 8*7 || 8*7 = 56 || 56 = 5656 -rev-> 6565 wrong
    digit multiply rev f(88, 77) = 8*7 || 8*7 = 56 || 56 = 5656 -rev-> 6565 wrong
    digit sum diff f(88, 77) = (8+8) - (7+7) = 2 -rev-> 2 wrong
    digit sum sum f(88, 77) = (8+8) + (7+7) = 30 -rev-> 03 wrong
    digit product diff f(88, 77) = 8*8 - 7*7 = 64 - 49 = 15 -rev-> 51 wrong
    digit product sum f(88, 77) = 8*8 + 7*7 = 64 + 49 = 113 -rev-> 311 wrong
    determinant f(88, 77) = 8*7 - 8*7 = 56 - 56 = 0 -rev-> 0 wrong
    abs determinant f(88, 77) = |8*7 - 8*7| = |56 - 56| = 0 -rev-> 0 wrong
  Trying rare operations on identity [88 77] [expected (88,77)->11]:
    multiply+1 f(88, 77) = (80 + 8) * 77 + 1 = 80 * 77 + 8 * 77 + 1 = 6160 + 616 + 1 = 6776 + 1 = 6777 wrong
    multiply-1 f(88, 77) = (80 + 8) * 77 - 1 = 80 * 77 + 8 * 77 - 1 = 6160 + 616 - 1 = 6776 - 1 = 6775 wrong
    add+1 f(88, 77) = 88 + 77 + 1 = 166 wrong
    add-1 f(88, 77) = 88 + 77 - 1 = 164 wrong
    sub+1 f(88, 77) = 88 - 77 + 1 = 12 wrong
    sub-1 f(88, 77) = 88 - 77 - 1 = 10 wrong
    max mod min f(88, 77) = max(88,77) mod min(88,77) = 88 mod 77 = 11 match, correct, but skipping
    integer division (a/b) f(88, 77) = 88 / 77 = 1 wrong
    modulo (a mod b) f(88, 77) = 88 mod 77 = 11 match, correct, but skipping
    reverse division (b/a) f(88, 77) = 77 / 88 = 0 wrong
    reverse modulo (b mod a) f(88, 77) = 77 mod 88 = 77 wrong
    digit absolute diff f(88, 77) = |8-7| || |8-7| = 11 match, correct, but skipping
    digit add mod10 f(88, 77) = (8+7)%10 || (8+7)%10 = 52 wrong
    digit sub mod10 f(88, 77) = (8-7)%10 || (8-7)%10 = 11 match, correct, but skipping
    cross multiply f(88, 77) = 8*7 + 8*7 = 56 + 56 = 112 wrong
    cross multiply rev f(88, 77) = 8*7 + 8*7 = 56 + 56 = 112 wrong
    digit multiply f(88, 77) = 8*7 || 8*7 = 56 || 56 = 5656 wrong
    digit multiply rev f(88, 77) = 8*7 || 8*7 = 56 || 56 = 5656 wrong
    digit sum diff f(88, 77) = (8+8) - (7+7) = 2 wrong
    digit sum sum f(88, 77) = (8+8) + (7+7) = 30 wrong
    digit product diff f(88, 77) = 8*8 - 7*7 = 64 - 49 = 15 wrong
    digit product sum f(88, 77) = 8*8 + 7*7 = 64 + 49 = 113 wrong
    determinant f(88, 77) = 8*7 - 8*7 = 56 - 56 = 0 wrong
    abs determinant f(88, 77) = |8*7 - 8*7| = |56 - 56| = 0 wrong
  Trying rare operations reversed operands [88->88 77->77] [expected (88,77)->11]:
    multiply+1 f(88, 77) = (80 + 8) * 77 + 1 = 80 * 77 + 8 * 77 + 1 = 6160 + 616 + 1 = 6776 + 1 = 6777 wrong
    multiply-1 f(88, 77) = (80 + 8) * 77 - 1 = 80 * 77 + 8 * 77 - 1 = 6160 + 616 - 1 = 6776 - 1 = 6775 wrong
    add+1 f(88, 77) = 88 + 77 + 1 = 166 wrong
    add-1 f(88, 77) = 88 + 77 - 1 = 164 wrong
    sub+1 f(88, 77) = 88 - 77 + 1 = 12 wrong
    sub-1 f(88, 77) = 88 - 77 - 1 = 10 wrong
    max mod min f(88, 77) = max(88,77) mod min(88,77) = 88 mod 77 = 11 match, correct, but skipping
    integer division (a/b) f(88, 77) = 88 / 77 = 1 wrong
    modulo (a mod b) f(88, 77) = 88 mod 77 = 11 match, correct, but skipping
    reverse division (b/a) f(88, 77) = 77 / 88 = 0 wrong
    reverse modulo (b mod a) f(88, 77) = 77 mod 88 = 77 wrong
    digit absolute diff f(88, 77) = |8-7| || |8-7| = 11 match, correct, but skipping
    digit add mod10 f(88, 77) = (8+7)%10 || (8+7)%10 = 52 wrong
    digit sub mod10 f(88, 77) = (8-7)%10 || (8-7)%10 = 11 match, correct, but skipping
    cross multiply f(88, 77) = 8*7 + 8*7 = 56 + 56 = 112 wrong
    cross multiply rev f(88, 77) = 8*7 + 8*7 = 56 + 56 = 112 wrong
    digit multiply f(88, 77) = 8*7 || 8*7 = 56 || 56 = 5656 wrong
    digit multiply rev f(88, 77) = 8*7 || 8*7 = 56 || 56 = 5656 wrong
    digit sum diff f(88, 77) = (8+8) - (7+7) = 2 wrong
    digit sum sum f(88, 77) = (8+8) + (7+7) = 30 wrong
    digit product diff f(88, 77) = 8*8 - 7*7 = 64 - 49 = 15 wrong
    digit product sum f(88, 77) = 8*8 + 7*7 = 64 + 49 = 113 wrong
    determinant f(88, 77) = 8*7 - 8*7 = 56 - 56 = 0 wrong
    abs determinant f(88, 77) = |8*7 - 8*7| = |56 - 56| = 0 wrong
  Trying rare operations identity operands [88 77] reversed result [expected (88,77)->11]:
    multiply+1 f(88, 77) = (80 + 8) * 77 + 1 = 80 * 77 + 8 * 77 + 1 = 6160 + 616 + 1 = 6776 + 1 = 6777 -rev-> 7776 wrong
    multiply-1 f(88, 77) = (80 + 8) * 77 - 1 = 80 * 77 + 8 * 77 - 1 = 6160 + 616 - 1 = 6776 - 1 = 6775 -rev-> 5776 wrong
    add+1 f(88, 77) = 88 + 77 + 1 = 166 -rev-> 661 wrong
    add-1 f(88, 77) = 88 + 77 - 1 = 164 -rev-> 461 wrong
    sub+1 f(88, 77) = 88 - 77 + 1 = 12 -rev-> 21 wrong
    sub-1 f(88, 77) = 88 - 77 - 1 = 10 -rev-> 01 wrong
    max mod min f(88, 77) = max(88,77) mod min(88,77) = 88 mod 77 = 11 -rev-> 11 match, correct, but skipping
    integer division (a/b) f(88, 77) = 88 / 77 = 1 -rev-> 1 wrong
    modulo (a mod b) f(88, 77) = 88 mod 77 = 11 -rev-> 11 match, correct, but skipping
    reverse division (b/a) f(88, 77) = 77 / 88 = 0 -rev-> 0 wrong
    reverse modulo (b mod a) f(88, 77) = 77 mod 88 = 77 -rev-> 77 wrong
    digit absolute diff f(88, 77) = |8-7| || |8-7| = 11 -rev-> 11 match, correct, but skipping
    digit add mod10 f(88, 77) = (8+7)%10 || (8+7)%10 = 52 -rev-> 25 wrong
    digit sub mod10 f(88, 77) = (8-7)%10 || (8-7)%10 = 11 -rev-> 11 match, correct, but skipping
    cross multiply f(88, 77) = 8*7 + 8*7 = 56 + 56 = 112 -rev-> 211 wrong
    cross multiply rev f(88, 77) = 8*7 + 8*7 = 56 + 56 = 112 -rev-> 211 wrong
    digit multiply f(88, 77) = 8*7 || 8*7 = 56 || 56 = 5656 -rev-> 6565 wrong
    digit multiply rev f(88, 77) = 8*7 || 8*7 = 56 || 56 = 5656 -rev-> 6565 wrong
    digit sum diff f(88, 77) = (8+8) - (7+7) = 2 -rev-> 2 wrong
    digit sum sum f(88, 77) = (8+8) + (7+7) = 30 -rev-> 03 wrong
    digit product diff f(88, 77) = 8*8 - 7*7 = 64 - 49 = 15 -rev-> 51 wrong
    digit product sum f(88, 77) = 8*8 + 7*7 = 64 + 49 = 113 -rev-> 311 wrong
    determinant f(88, 77) = 8*7 - 8*7 = 56 - 56 = 0 -rev-> 0 wrong
    abs determinant f(88, 77) = |8*7 - 8*7| = |56 - 56| = 0 -rev-> 0 wrong

Applying to 37:67:
  reversed operands [37->73, 67->76] and reversed result
  absolute difference f(73, 76) = |73 - 76| = 3 -rev-> 3
  Result: 【3】

I will now return the answer in
The answer in  is
</think>
</think>
\boxed{03}"
c5b058d6,equation_transform,134,35,35,134,False,True,True,add_direct_over_model_add_variant,candidate=134; baseline=35,"In Alice's Wonderland, a secret set of transformation rules is applied to equations. Below are a few examples:
72)27 = 99
26#48 = 22
42#45 = 3
24#14 = 10
Now, determine the result for: 94)40","We need to infer the transformation rule from the examples.

Examples:
  72)27 = 99
  26#48 = 22
  42#45 = 3
  24#14 = 10

The inputs are 72, 27, 26, 48, 42, 45, 24, 14

The outputs are 99, 22, 3, 10
No outputs have a symbol prefix or suffix.

Looking at the input of the examples
72)27 -> )
26#48 -> #
42#45 -> #
24#14 -> #

The operators
)
#

Looking at the question
94)40 -> )
The question operator is found in the examples.

Looking at operator 【)】 [72)27 = 99]:
  Trying common operations reversed operands [72->27 27->72] and reversed result [expected (27,72)->99]:
    concatenation f(27, 72) = 27 || 72 = 2772 -rev-> 2772 wrong
    reverse concatenation f(27, 72) = 72 || 27 = 7227 -rev-> 7227 wrong
    addition f(27, 72) = 27 + 72 = 99 -rev-> 99 match, correct, actions: reversed operands, reversed result, addition
    absolute difference f(27, 72) = |27 - 72| = 45 -rev-> 54 wrong
    negated absolute difference f(27, 72) = -|27 - 72| = -45 -rev-> -54 wrong
    subtraction (a-b) f(27, 72) = 27 - 72 = -45 -rev-> -54 wrong
    reverse subtraction (b-a) f(27, 72) = 72 - 27 = 45 -rev-> 54 wrong
    multiplication f(27, 72) = (20 + 7) * 72 = 20 * 72 + 7 * 72 = 1440 + 504 = 1944 -rev-> 4491 wrong
  Trying common operations on identity [72 27] [expected (72,27)->99]:
    concatenation f(72, 27) = 72 || 27 = 7227 wrong
    reverse concatenation f(72, 27) = 27 || 72 = 2772 wrong
    addition f(72, 27) = 72 + 27 = 99 match, correct, but skipping
    absolute difference f(72, 27) = |72 - 27| = 45 wrong
    negated absolute difference f(72, 27) = -|72 - 27| = -45 wrong
    subtraction (a-b) f(72, 27) = 72 - 27 = 45 wrong
    reverse subtraction (b-a) f(72, 27) = 27 - 72 = -45 wrong
    multiplication f(72, 27) = (70 + 2) * 27 = 70 * 27 + 2 * 27 = 1890 + 54 = 1944 wrong
  Trying common operations reversed operands [72->27 27->72] [expected (27,72)->99]:
    concatenation f(27, 72) = 27 || 72 = 2772 wrong
    reverse concatenation f(27, 72) = 72 || 27 = 7227 wrong
    addition f(27, 72) = 27 + 72 = 99 match, correct, but skipping
    absolute difference f(27, 72) = |27 - 72| = 45 wrong
    negated absolute difference f(27, 72) = -|27 - 72| = -45 wrong
    subtraction (a-b) f(27, 72) = 27 - 72 = -45 wrong
    reverse subtraction (b-a) f(27, 72) = 72 - 27 = 45 wrong
    multiplication f(27, 72) = (20 + 7) * 72 = 20 * 72 + 7 * 72 = 1440 + 504 = 1944 wrong
  Trying common operations identity operands [72 27] reversed result [expected (72,27)->99]:
    concatenation f(72, 27) = 72 || 27 = 7227 -rev-> 7227 wrong
    reverse concatenation f(72, 27) = 27 || 72 = 2772 -rev-> 2772 wrong
    addition f(72, 27) = 72 + 27 = 99 -rev-> 99 match, correct, but skipping
    absolute difference f(72, 27) = |72 - 27| = 45 -rev-> 54 wrong
    negated absolute difference f(72, 27) = -|72 - 27| = -45 -rev-> -54 wrong
    subtraction (a-b) f(72, 27) = 72 - 27 = 45 -rev-> 54 wrong
    reverse subtraction (b-a) f(72, 27) = 27 - 72 = -45 -rev-> -54 wrong
    multiplication f(72, 27) = (70 + 2) * 27 = 70 * 27 + 2 * 27 = 1890 + 54 = 1944 -rev-> 4491 wrong
  Trying rare operations reversed operands [72->27 27->72] and reversed result [expected (27,72)->99]:
    multiply+1 f(27, 72) = (20 + 7) * 72 + 1 = 20 * 72 + 7 * 72 + 1 = 1440 + 504 + 1 = 1944 + 1 = 1945 -rev-> 5491 wrong
    multiply-1 f(27, 72) = (20 + 7) * 72 - 1 = 20 * 72 + 7 * 72 - 1 = 1440 + 504 - 1 = 1944 - 1 = 1943 -rev-> 3491 wrong
    add+1 f(27, 72) = 27 + 72 + 1 = 100 -rev-> 001 wrong
    add-1 f(27, 72) = 27 + 72 - 1 = 98 -rev-> 89 wrong
    sub+1 f(27, 72) = 27 - 72 + 1 = -44 -rev-> -44 wrong
    sub-1 f(27, 72) = 27 - 72 - 1 = -46 -rev-> -64 wrong
    max mod min f(27, 72) = max(27,72) mod min(27,72) = 72 mod 27 = 18 -rev-> 81 wrong
    integer division (a/b) f(27, 72) = 27 / 72 = 0 -rev-> 0 wrong
    modulo (a mod b) f(27, 72) = 27 mod 72 = 27 -rev-> 72 wrong
    reverse division (b/a) f(27, 72) = 72 / 27 = 2 -rev-> 2 wrong
    reverse modulo (b mod a) f(27, 72) = 72 mod 27 = 18 -rev-> 81 wrong
    digit absolute diff f(27, 72) = |2-7| || |7-2| = 55 -rev-> 55 wrong
    digit add mod10 f(27, 72) = (2+7)%10 || (7+2)%10 = 99 -rev-> 99 match, correct, but skipping
    digit sub mod10 f(27, 72) = (2-7)%10 || (7-2)%10 = 55 -rev-> 55 wrong
    cross multiply f(27, 72) = 2*7 + 7*2 = 14 + 14 = 28 -rev-> 82 wrong
    cross multiply rev f(27, 72) = 2*2 + 7*7 = 4 + 49 = 53 -rev-> 35 wrong
    digit multiply f(27, 72) = 2*7 || 7*2 = 14 || 14 = 1414 -rev-> 4141 wrong
    digit multiply rev f(27, 72) = 2*2 || 7*7 = 4 || 49 = 449 -rev-> 944 wrong
    digit sum diff f(27, 72) = (2+7) - (7+2) = 0 -rev-> 0 wrong
    digit sum sum f(27, 72) = (2+7) + (7+2) = 18 -rev-> 81 wrong
    digit product diff f(27, 72) = 2*7 - 7*2 = 14 - 14 = 0 -rev-> 0 wrong
    digit product sum f(27, 72) = 2*7 + 7*2 = 14 + 14 = 28 -rev-> 82 wrong
    determinant f(27, 72) = 2*2 - 7*7 = 4 - 49 = -45 -rev-> -54 wrong
    abs determinant f(27, 72) = |2*2 - 7*7| = |4 - 49| = 45 -rev-> 54 wrong
  Trying rare operations on identity [72 27] [expected (72,27)->99]:
    multiply+1 f(72, 27) = (70 + 2) * 27 + 1 = 70 * 27 + 2 * 27 + 1 = 1890 + 54 + 1 = 1944 + 1 = 1945 wrong
    multiply-1 f(72, 27) = (70 + 2) * 27 - 1 = 70 * 27 + 2 * 27 - 1 = 1890 + 54 - 1 = 1944 - 1 = 1943 wrong
    add+1 f(72, 27) = 72 + 27 + 1 = 100 wrong
    add-1 f(72, 27) = 72 + 27 - 1 = 98 wrong
    sub+1 f(72, 27) = 72 - 27 + 1 = 46 wrong
    sub-1 f(72, 27) = 72 - 27 - 1 = 44 wrong
    max mod min f(72, 27) = max(72,27) mod min(72,27) = 72 mod 27 = 18 wrong
    integer division (a/b) f(72, 27) = 72 / 27 = 2 wrong
    modulo (a mod b) f(72, 27) = 72 mod 27 = 18 wrong
    reverse division (b/a) f(72, 27) = 27 / 72 = 0 wrong
    reverse modulo (b mod a) f(72, 27) = 27 mod 72 = 27 wrong
    digit absolute diff f(72, 27) = |7-2| || |2-7| = 55 wrong
    digit add mod10 f(72, 27) = (7+2)%10 || (2+7)%10 = 99 match, correct, but skipping
    digit sub mod10 f(72, 27) = (7-2)%10 || (2-7)%10 = 55 wrong
    cross multiply f(72, 27) = 7*2 + 2*7 = 14 + 14 = 28 wrong
    cross multiply rev f(72, 27) = 7*7 + 2*2 = 49 + 4 = 53 wrong
    digit multiply f(72, 27) = 7*2 || 2*7 = 14 || 14 = 1414 wrong
    digit multiply rev f(72, 27) = 7*7 || 2*2 = 49 || 4 = 494 wrong
    digit sum diff f(72, 27) = (7+2) - (2+7) = 0 wrong
    digit sum sum f(72, 27) = (7+2) + (2+7) = 18 wrong
    digit product diff f(72, 27) = 7*2 - 2*7 = 14 - 14 = 0 wrong
    digit product sum f(72, 27) = 7*2 + 2*7 = 14 + 14 = 28 wrong
    determinant f(72, 27) = 7*7 - 2*2 = 49 - 4 = 45 wrong
    abs determinant f(72, 27) = |7*7 - 2*2| = |49 - 4| = 45 wrong
  Trying rare operations reversed operands [72->27 27->72] [expected (27,72)->99]:
    multiply+1 f(27, 72) = (20 + 7) * 72 + 1 = 20 * 72 + 7 * 72 + 1 = 1440 + 504 + 1 = 1944 + 1 = 1945 wrong
    multiply-1 f(27, 72) = (20 + 7) * 72 - 1 = 20 * 72 + 7 * 72 - 1 = 1440 + 504 - 1 = 1944 - 1 = 1943 wrong
    add+1 f(27, 72) = 27 + 72 + 1 = 100 wrong
    add-1 f(27, 72) = 27 + 72 - 1 = 98 wrong
    sub+1 f(27, 72) = 27 - 72 + 1 = -44 wrong
    sub-1 f(27, 72) = 27 - 72 - 1 = -46 wrong
    max mod min f(27, 72) = max(27,72) mod min(27,72) = 72 mod 27 = 18 wrong
    integer division (a/b) f(27, 72) = 27 / 72 = 0 wrong
    modulo (a mod b) f(27, 72) = 27 mod 72 = 27 wrong
    reverse division (b/a) f(27, 72) = 72 / 27 = 2 wrong
    reverse modulo (b mod a) f(27, 72) = 72 mod 27 = 18 wrong
    digit absolute diff f(27, 72) = |2-7| || |7-2| = 55 wrong
    digit add mod10 f(27, 72) = (2+7)%10 || (7+2)%10 = 99 match, correct, but skipping
    digit sub mod10 f(27, 72) = (2-7)%10 || (7-2)%10 = 55 wrong
    cross multiply f(27, 72) = 2*7 + 7*2 = 14 + 14 = 28 wrong
    cross multiply rev f(27, 72) = 2*2 + 7*7 = 4 + 49 = 53 wrong
    digit multiply f(27, 72) = 2*7 || 7*2 = 14 || 14 = 1414 wrong
    digit multiply rev f(27, 72) = 2*2 || 7*7 = 4 || 49 = 449 wrong
    digit sum diff f(27, 72) = (2+7) - (7+2) = 0 wrong
    digit sum sum f(27, 72) = (2+7) + (7+2) = 18 wrong
    digit product diff f(27, 72) = 2*7 - 7*2 = 14 - 14 = 0 wrong
    digit product sum f(27, 72) = 2*7 + 7*2 = 14 + 14 = 28 wrong
    determinant f(27, 72) = 2*2 - 7*7 = 4 - 49 = -45 wrong
    abs determinant f(27, 72) = |2*2 - 7*7| = |4 - 49| = 45 wrong
  Trying rare operations identity operands [72 27] reversed result [expected (72,27)->99]:
    multiply+1 f(72, 27) = (70 + 2) * 27 + 1 = 70 * 27 + 2 * 27 + 1 = 1890 + 54 + 1 = 1944 + 1 = 1945 -rev-> 5491 wrong
    multiply-1 f(72, 27) = (70 + 2) * 27 - 1 = 70 * 27 + 2 * 27 - 1 = 1890 + 54 - 1 = 1944 - 1 = 1943 -rev-> 3491 wrong
    add+1 f(72, 27) = 72 + 27 + 1 = 100 -rev-> 001 wrong
    add-1 f(72, 27) = 72 + 27 - 1 = 98 -rev-> 89 wrong
    sub+1 f(72, 27) = 72 - 27 + 1 = 46 -rev-> 64 wrong
    sub-1 f(72, 27) = 72 - 27 - 1 = 44 -rev-> 44 wrong
    max mod min f(72, 27) = max(72,27) mod min(72,27) = 72 mod 27 = 18 -rev-> 81 wrong
    integer division (a/b) f(72, 27) = 72 / 27 = 2 -rev-> 2 wrong
    modulo (a mod b) f(72, 27) = 72 mod 27 = 18 -rev-> 81 wrong
    reverse division (b/a) f(72, 27) = 27 / 72 = 0 -rev-> 0 wrong
    reverse modulo (b mod a) f(72, 27) = 27 mod 72 = 27 -rev-> 72 wrong
    digit absolute diff f(72, 27) = |7-2| || |2-7| = 55 -rev-> 55 wrong
    digit add mod10 f(72, 27) = (7+2)%10 || (2+7)%10 = 99 -rev-> 99 match, correct, but skipping
    digit sub mod10 f(72, 27) = (7-2)%10 || (2-7)%10 = 55 -rev-> 55 wrong
    cross multiply f(72, 27) = 7*2 + 2*7 = 14 + 14 = 28 -rev-> 82 wrong
    cross multiply rev f(72, 27) = 7*7 + 2*2 = 49 + 4 = 53 -rev-> 35 wrong
    digit multiply f(72, 27) = 7*2 || 2*7 = 14 || 14 = 1414 -rev-> 4141 wrong
    digit multiply rev f(72, 27) = 7*7 || 2*2 = 49 || 4 = 494 -rev-> 494 wrong
    digit sum diff f(72, 27) = (7+2) - (2+7) = 0 -rev-> 0 wrong
    digit sum sum f(72, 27) = (7+2) + (2+7) = 18 -rev-> 81 wrong
    digit product diff f(72, 27) = 7*2 - 2*7 = 14 - 14 = 0 -rev-> 0 wrong
    digit product sum f(72, 27) = 7*2 + 2*7 = 14 + 14 = 28 -rev-> 82 wrong
    determinant f(72, 27) = 7*7 - 2*2 = 49 - 4 = 45 -rev-> 54 wrong
    abs determinant f(72, 27) = |7*7 - 2*2| = |49 - 4| = 45 -rev-> 54 wrong

Applying to 94)40:
  reversed operands [94->49, 40->04] and reversed result
  addition f(49, 04) = 49 + 04 = 53 -rev-> 35
  Result: 【35】

I will now return the answer in
The answer in  is
</think>
</think>
\boxed{35}"
