id,subtype,answer_kind,answer,baseline_prediction,baseline_correct,v269_checkpoint2_prediction,v269_checkpoint2_correct,v269_final_prediction,v269_final_correct,any_candidate_gain,query,example_count,operator_set,prompt_preview
00457d26,equation_symbolic_punct,symbolic,@&,[[!',False,[[!',False,[[!',False,False,[[-!',0,!'-[,"In Alice's Wonderland, a secret set of transformation rules is applied to equations. Below are a few examples: `!*[{ = '""[` \'*'> = ![@ \'-!` = \\ `!*\& = '@'{ Now, determine the result for: [[-!'"
02902eb3,equation_symbolic_punct,symbolic,>/,!!$>,False,!!$>,False,!!$>,False,False,!!+$>,0,!$+>,"In Alice's Wonderland, a secret set of transformation rules is applied to equations. Below are a few examples: !&*%% = }%>% %&-/> = $) $]*&& = }&&} Now, determine the result for: !!+$>"
03a3437f,equation_symbolic_punct,symbolic,-!,'}>/,False,'}>/,False,'}>/,False,False,'}-/>,0,'-/>},"In Alice's Wonderland, a secret set of transformation rules is applied to equations. Below are a few examples: />-|/ = ': '>+/! = '>/! }!-'` = >' Now, determine the result for: '}-/>"
09d5ee68,equation_symbolic_punct,symbolic,!?'!,|:>>,False,|:>>,False,|:>>,False,False,|:*>>,0,*:>|,"In Alice's Wonderland, a secret set of transformation rules is applied to equations. Below are a few examples: <:+|& = <:|& '&+>? = '&>? $!*!| = !!:& |:-?' = -&$ Now, determine the result for: |:*>>"
0bb591e6,equation_symbolic_punct,symbolic,%?<,"""$%%""",False,"""$%%""",False,"""$%%""",False,False,"""$+%%",0,"""$%+","In Alice's Wonderland, a secret set of transformation rules is applied to equations. Below are a few examples: )(-)( = "" &(-(( = < $(-(% = )< <%-%$ = ?? Now, determine the result for: ""$+%%"
0d90736f,equation_symbolic_punct,symbolic,:,::)[,False,::)[,False,::)[,False,False,::-)[,0,)-:[,"In Alice's Wonderland, a secret set of transformation rules is applied to equations. Below are a few examples: [|*|` = \$() !|-$) = )/ /$+|/ = :\ \/+): = [` `$*|! = `[|` Now, determine the result for: ::-)["
0e009c6d,equation_symbolic_punct,symbolic,`?\!,@?`?,False,@?`?,False,@?`?,False,False,@?',0,'?@,"In Alice's Wonderland, a secret set of transformation rules is applied to equations. Below are a few examples: >@'>> = )?> \%*\` = #! \>'@\ = \!?> `\*)> = @/ Now, determine the result for: @?'`?"
0fe53bac,equation_symbolic_punct,symbolic,"(""",^?(|,False,^?(|,False,^?(|,False,False,^?+(|,0,(+?^|,"In Alice's Wonderland, a secret set of transformation rules is applied to equations. Below are a few examples: (@+!| = @"" }(-^} = }} ?""+): = ()@ @@-""@ = -) Now, determine the result for: ^?+(|"
194695e8,equation_symbolic_punct,symbolic,%,!\{<,False,!\{<,False,!\{<,False,False,!\-{<,0,!-<\{,"In Alice's Wonderland, a secret set of transformation rules is applied to equations. Below are a few examples: {|*<\ = {%!| ]|*!] = {<|% ]$-<% = |! Now, determine the result for: !\-{<"
208d7838,equation_symbolic_punct,symbolic,[:,[&<>,False,[&<>,False,[&<>,False,False,[&-<>,0,&-<>[,"In Alice's Wonderland, a secret set of transformation rules is applied to equations. Below are a few examples: #}+{% = }$$ %#*%[ = &:[[ }%-&[ = [$ <&+:$ = :# }%*&# = }[$% Now, determine the result for: [&-<>"
20f0fac9,equation_numeric_operator,numeric,2976,65,False,65,False,65,False,False,31%96,4,%*=],"In Alice's Wonderland, a secret set of transformation rules is applied to equations. Below are a few examples: 78]18 = 6 95]24 = 23 52*94 = 145 21]91 = 7 Now, determine the result for: 31%96"
26e48e98,equation_symbolic_punct,symbolic,){|,"""%]%{""",False,"""%]%{""",False,""" ]%{",False,False,"""])%{",0,"""%)]{","In Alice's Wonderland, a secret set of transformation rules is applied to equations. Below are a few examples: %]`]< = ]""<% ""#/|< = {""% ]@)@| = @ #|`({ = {<@# #|){( = )#] Now, determine the result for: ""])%{"
274def88,equation_numeric_operator,numeric,92,-92,False,-92,False,-92,False,False,85-92,5,*+-=,"In Alice's Wonderland, a secret set of transformation rules is applied to equations. Below are a few examples: 33*74 = 2551 29-79 = -5 17+69 = 861 01-72 = -71 42*38 = 3991 Now, determine the result for: 85-92"
28b0ff48,equation_symbolic_punct,symbolic,'],|^^^,False,|^^^,False,|^^^,False,False,|^-^^,0,-^|,"In Alice's Wonderland, a secret set of transformation rules is applied to equations. Below are a few examples: /'+|# = ""/ (?-(' = ' ^""*'# = /]|( Now, determine the result for: |^-^^"
294453b5,equation_symbolic_punct,symbolic,&(,##!),False,##!),False,##!),False,False,##-!),0,!#)-,"In Alice's Wonderland, a secret set of transformation rules is applied to equations. Below are a few examples: @!->: = ` &@*:` = &`&( @!-)! = !` Now, determine the result for: ##-!)"
2d3547af,equation_symbolic_punct,symbolic,))^),\$\\,False,\$\\,False,\$\\,False,False,\$&\\,0,$&\,"In Alice's Wonderland, a secret set of transformation rules is applied to equations. Below are a few examples: #}`)$ = }\ $<(>/ = (^/ !}&#< = $)^} >\`## = )$< Now, determine the result for: \$&\\"
30ac5c8e,equation_symbolic_punct,symbolic,)#?,@\}?,False,@\}?,False,@\}?,False,False,@\+}?,0,+?@\},"In Alice's Wonderland, a secret set of transformation rules is applied to equations. Below are a few examples: &}-@) = -\@ :/*/} = #/&? }&*#"" = #&\} \}*)@ = &&#? ""\+#\ = ::? Now, determine the result for: @\+}?"
386b6d03,equation_numeric_operator,numeric,671,18,False,18,False,18,False,False,79'97,3,'-=[,"In Alice's Wonderland, a secret set of transformation rules is applied to equations. Below are a few examples: 47[35 = 2293 82-68 = -85 09[97 = 0117 Now, determine the result for: 79'97"
3cb3fd89,equation_symbolic_punct,symbolic,[[&],]$$),False,]$$),False,]$$),False,False,]$*$),0,$)*],"In Alice's Wonderland, a secret set of transformation rules is applied to equations. Below are a few examples: @)-@\ = -) [$*$$ = [|{\ $]+!\ = |$| $[*$& = &@![ Now, determine the result for: ]$*$)"
432b1110,equation_symbolic_punct,symbolic,%[:?,\{<?,False,\{<?,False,\{<?,False,False,\{*<?,0,*<?\{,"In Alice's Wonderland, a secret set of transformation rules is applied to equations. Below are a few examples: ]{+/] = ]{/] /[+%\ = /[%\ @[+{@ = @[{@ %/+]% = %/]% Now, determine the result for: \{*<?"
47c1d8f5,equation_symbolic_punct,symbolic,]%],/`%`,False,/`%`,False,/`%`,False,False,/,0,/,"In Alice's Wonderland, a secret set of transformation rules is applied to equations. Below are a few examples: {/*@] = {( @%#]] = ]^ ]^#]` = {@] >(*^} = *}] Now, determine the result for: /`#%`"
48c25e0e,equation_numeric_operator,numeric,53,32,False,32,False,32,False,False,43&11,3,&-=^,"In Alice's Wonderland, a secret set of transformation rules is applied to equations. Below are a few examples: 82-18 = 1476 93^50 = ^43 26-61 = 1586 Now, determine the result for: 43&11"
491b8ea5,equation_symbolic_punct,symbolic,)!,@|]!,False,@|]!,False,@|]!,False,False,@|-]!,0,!-@]|,"In Alice's Wonderland, a secret set of transformation rules is applied to equations. Below are a few examples: !^+){ = |} ]/*|| = ]/|| ]@-|] = !) Now, determine the result for: @|-]!"
4bfd095a,equation_symbolic_punct,symbolic,{<<<,@/[@,False,@/[@,False,@/[@,False,False,@/*[@,0,*/@[,"In Alice's Wonderland, a secret set of transformation rules is applied to equations. Below are a few examples: {%*)) = )){ )/*/"" = [^^{ )""-\[ = -\\ {)*[{ = \\@ Now, determine the result for: @/*[@"
4ed6b56f,equation_symbolic_punct,symbolic,"(""/""",!:`(,False,!:`(,False,!:`(,False,False,!:*,0,!*:,"In Alice's Wonderland, a secret set of transformation rules is applied to equations. Below are a few examples: `'+:' = (`] ]:*}> = !""(/ :}*:' = :/(/ >]-(( = '! Now, determine the result for: !:*`("
518deb39,equation_symbolic_punct,symbolic,$,{}$>,False,{}$>,False,{}$>,False,False,$$-<>,0,$-<>,"In Alice's Wonderland, a secret set of transformation rules is applied to equations. Below are a few examples: <'+<"" = (> ""'-$< = '< (""*(< = <<!! !$*<> = !^\ Now, determine the result for: $$-<>"
528b694b,equation_symbolic_punct,symbolic,"""'",>]]),False,>]]),False,>]]),False,False,>]<]),0,)<>],"In Alice's Wonderland, a secret set of transformation rules is applied to equations. Below are a few examples: @>+^\ = @@^> ]@<@\ = <') '>+^$ = @]{) @'<)> = "") Now, determine the result for: >]<])"
528ec0d8,equation_numeric_operator,numeric,-39,39,False,39,False,39,False,False,11-50,4,#(-=,"In Alice's Wonderland, a secret set of transformation rules is applied to equations. Below are a few examples: 38(96 = 3648 13(43 = 559 42#38 = 81 41(94 = 3854 Now, determine the result for: 11-50"
52be4988,equation_symbolic_punct,symbolic,'!,&&&`,False,&&&`,False,&&&`,False,False,&&+&,0,&+,"In Alice's Wonderland, a secret set of transformation rules is applied to equations. Below are a few examples: [&+/` = '! <\-<\ = \ `|-'' = -<| /&*?\ = &/| //-?? = -`` Now, determine the result for: &&+&`"
5501c054,equation_symbolic_punct,symbolic,[#>#,!##^,False,!##^,False,!##^,False,False,!#$#^,0,!#$^,"In Alice's Wonderland, a secret set of transformation rules is applied to equations. Below are a few examples: '){^' = #[ ""!{#^ = ^> [#}\"" = #> !&}"""" = ^["" #)}'\ = ^!> Now, determine the result for: !#$#^"
57712d01,equation_symbolic_punct,symbolic,-/<,$/'{,False,$/'{,False,$/'{,False,False,$/-'{,0,$'-/{,"In Alice's Wonderland, a secret set of transformation rules is applied to equations. Below are a few examples: $'+`` = ""`( {<*/( = """"/( !<-`` = -? {""-'< = -{{ '<+""' = /? Now, determine the result for: $/-'{"
57f6878e,equation_symbolic_punct,symbolic,%{{,|@(!,False,|@(!,False,|@(!,False,False,|@<:(,0,(:<@|,"In Alice's Wonderland, a secret set of transformation rules is applied to equations. Below are a few examples: /%<@{ = %( $@&^) = /$ {@&|/ = @$ $:<:@ = () %:&@@ = /|& Now, determine the result for: |@<:("
58c099d2,equation_symbolic_punct,symbolic,-)\,^!#\,False,^!#\,False,^!#\,False,False,^!-#\,0,!#-\^,"In Alice's Wonderland, a secret set of transformation rules is applied to equations. Below are a few examples: `|+\& = &] `]+|^ = &| #&-]& = -)! Now, determine the result for: ^!-#\"
59733f94,equation_symbolic_punct,symbolic,/,$/>/,False,$/>/,False,$/>/,False,False,$/->/,0,$-/>,"In Alice's Wonderland, a secret set of transformation rules is applied to equations. Below are a few examples: >#*{^ = {?#$ [?-^# = -#[ :>-/$ = -}> [>*#[ = #$/ $[-#^ = -># Now, determine the result for: $/->/"
5a0d5d2a,equation_numeric_operator,numeric,341,55,False,55,False,55,False,False,39+94,3,*+-=,"In Alice's Wonderland, a secret set of transformation rules is applied to equations. Below are a few examples: 27-65 = 61 47*42 = 7771 81-09 = -27 Now, determine the result for: 39+94"
5a9fcf68,equation_numeric_operator,numeric,4443,4,False,4,False,4,False,False,24@28,3,=?@,"In Alice's Wonderland, a secret set of transformation rules is applied to equations. Below are a few examples: 36?55 = 8? 97?14 = 83? 23?74 = 51? Now, determine the result for: 24@28"
5b2523e6,equation_symbolic_punct,symbolic,&&,><\$,False,><\$,False,><\$,False,False,><-\$,0,$-<>\,"In Alice's Wonderland, a secret set of transformation rules is applied to equations. Below are a few examples: ?>+') = :< !&*$< = &'\: &\+\& = >< ?$+:! = >< Now, determine the result for: ><-\$"
5bcb572e,equation_symbolic_punct,symbolic,-!#,"""{!",False,"""{!",False,"""{!""",False,False,"""{-{!",0,"!""-{","In Alice's Wonderland, a secret set of transformation rules is applied to equations. Below are a few examples: )!*]( = /{!! ""(+""{ = ){{ ])-([ = ({ Now, determine the result for: ""{-{!"
5f9f0ed7,equation_symbolic_punct,symbolic,}/!},|!@[,False,|!@[,False,|!@[,False,False,|!*@[,0,!*@[|,"In Alice's Wonderland, a secret set of transformation rules is applied to equations. Below are a few examples: @/*`/ = }`]` @]+}/ = }| /]-[| = ->> }!*@` = }`@] [>*[] = @`!} Now, determine the result for: |!*@["
61557701,equation_symbolic_punct,symbolic,|&,'{),False,'{}),False,'{}),False,False,'{+{),0,')+{,"In Alice's Wonderland, a secret set of transformation rules is applied to equations. Below are a few examples: ((+|: = :: $'+&| = ((& '}+'& = ): ($-{| = -'"" Now, determine the result for: '{+{)"
638f93ca,equation_symbolic_punct,symbolic,@,$<]$,False,$<]$,False,$]<$,False,False,$<-]$,0,$-<],"In Alice's Wonderland, a secret set of transformation rules is applied to equations. Below are a few examples: #>*?? = /<@ $<*<' = ?<?' $$*]` = ?]<? $]-<@ = ?# Now, determine the result for: $<-]$"
6cc5dafb,equation_symbolic_punct,symbolic,)(,^&>),False,^&>),False,^&>),False,False,^&!>),0,!&)>^,"In Alice's Wonderland, a secret set of transformation rules is applied to equations. Below are a few examples: >&-'& = #% )#\^( = ##'] ))-&^ = "") >#\""& = ^#) Now, determine the result for: ^&!>)"
6e56b39a,equation_symbolic_punct,symbolic,-/#,&#!,False,&#!,False,&#!,False,False,&#-!],0,!#&-],"In Alice's Wonderland, a secret set of transformation rules is applied to equations. Below are a few examples: )>-]] = -#/ ]&-%^ = -]> [!-]) = -]/ !>-%/ = -[] Now, determine the result for: &#-!]"
7688e06e,equation_numeric_operator,numeric,-55,55,False,55,False,55,False,False,63-19,5,-=,"In Alice's Wonderland, a secret set of transformation rules is applied to equations. Below are a few examples: 06-63 = 42 96-32 = 64 87-15 = 72 58-64 = 93 87-63 = 24 Now, determine the result for: 63-19"
7a422e17,equation_symbolic_punct,symbolic,%'!,"#`""",False,"#`""",False,"#`""",False,False,#,0,#,"In Alice's Wonderland, a secret set of transformation rules is applied to equations. Below are a few examples: "":@%# = %&{ '}+'' = &'"" '{-%! = } ``-#{ = -{: Now, determine the result for: #`@{"""
8193e7e0,equation_symbolic_punct,symbolic,??{`,#?&`,False,#?&`,False,#?&`,False,False,#?*&,0,#&*?,"In Alice's Wonderland, a secret set of transformation rules is applied to equations. Below are a few examples: '{*#/ = #!'' `]-#` = ]{ &!*]! = ?&!! ?!+// = ?!// Now, determine the result for: #?*&`"
82109e34,equation_symbolic_punct,symbolic,-@>,'^^^',False,'^^^',False,'^^^',False,False,'^-^^,0,'-^,"In Alice's Wonderland, a secret set of transformation rules is applied to equations. Below are a few examples: ''+:@ = @:> ^\+?^ = @$# #?+$> = /? ^\*?# = $#>/ Now, determine the result for: '^-^^"
837a6ae7,equation_symbolic_punct,symbolic,<>\>,"<:{""",False,"<:{""",False,"<:{""",False,False,"<{*:""",0,"""*:<{","In Alice's Wonderland, a secret set of transformation rules is applied to equations. Below are a few examples: :@-&# = <: &>-:< = -<: &#+{{ = @<"" %>+&& = @@: ""#-<> = %"" Now, determine the result for: <{*:"""
844f826c,equation_symbolic_punct,symbolic,"/""",`@>`,False,`*``,False,`*``,False,False,@*>,0,*>@,"In Alice's Wonderland, a secret set of transformation rules is applied to equations. Below are a few examples: >#$@"" = >#@"" >`$@> = >`@> )/*#` = >) ^""-`> = @/]"" /@$/) = /@/) Now, determine the result for: `@*>`"
8494aad3,equation_symbolic_punct,symbolic,"""`#&","])<""",False,"])<""",False,"])<""",False,False,"])*<""",0,""")*<]","In Alice's Wonderland, a secret set of transformation rules is applied to equations. Below are a few examples: ""<*""# = ))^& ""!+@! = ""!@! ""^+&"" = ""^&"" #@*## = """")` Now, determine the result for: ])*<"""
861cb154,equation_numeric_operator,numeric,2271,10,False,10,False,10,False,False,14!24,3,!(=`,"In Alice's Wonderland, a secret set of transformation rules is applied to equations. Below are a few examples: 69(06 = 63( 77`94 = 621 76(36 = 4( Now, determine the result for: 14!24"
893ffb06,equation_symbolic_punct,symbolic,-@',@``:,False,@``:,False,@``:,False,False,@,0,@,"In Alice's Wonderland, a secret set of transformation rules is applied to equations. Below are a few examples: ))+}: = ))}: {@-'! = -{` '}+@| = '}@| ::*:' = {||{ Now, determine the result for: @`-`:"
8e411cc7,equation_symbolic_punct,symbolic,]]],$&&,False,$&&,False,$&&,False,False,$&!&},0,!$&},"In Alice's Wonderland, a secret set of transformation rules is applied to equations. Below are a few examples: ^}-]] = (&$ }:#:$ = &$ ]:!$$ = /] :}!("" = ]]< Now, determine the result for: $&!&}"
90feb0c5,equation_symbolic_punct,symbolic,:<],?>>>,False,?>>>,False,?>>>,False,False,?>'>>,0,'>?,"In Alice's Wonderland, a secret set of transformation rules is applied to equations. Below are a few examples: \}+)` = \})` :>'>} = :`` ])+)\ = ]))\ Now, determine the result for: ?>'>>"
99d6a3b5,equation_symbolic_punct,symbolic,?()<,(<)),False,(<)),False,(<)),False,False,(<%)),0,%()<,"In Alice's Wonderland, a secret set of transformation rules is applied to equations. Below are a few examples: #[%[< = #{^< [)%![ = !)?( ))%?? = [(` )#%`? = {([< Now, determine the result for: (<%))"
9a19fc2d,equation_symbolic_punct,symbolic,#>[,!&)#,False,!&)#,False,!&)#,False,False,!&+)#,0,!#&)+,"In Alice's Wonderland, a secret set of transformation rules is applied to equations. Below are a few examples: {{-># = {# [!-)[ = !{ }/+&{ = &' [[+') = >& /'+// = &[[ Now, determine the result for: !&+)#"
9dae880f,equation_symbolic_punct,symbolic,))[,:<`\,False,:<`\,False,:<`\,False,False,:<},0,:<},"In Alice's Wonderland, a secret set of transformation rules is applied to equations. Below are a few examples: :'""`# = <"" [:>\[ = \)# `#""$| = [) :\}[# = <)[ #:>#` = #):: Now, determine the result for: :<}`\"
9f1ff166,equation_symbolic_punct,symbolic,[,"""]'/",False,"""]'/",False,"""]'/",False,False,"""]-'/",0,"""'-/]","In Alice's Wonderland, a secret set of transformation rules is applied to equations. Below are a few examples: }#-'> = >"" ?""-#' = / ""'*'] = '""}"" '/*>' = /'#"" Now, determine the result for: ""]-'/"
a26065d4,equation_symbolic_punct,symbolic,<',<&<#,False,<&<#,False,<&<#,False,False,<&+<#,0,#&+<,"In Alice's Wonderland, a secret set of transformation rules is applied to equations. Below are a few examples: [|+<$ = [& <#-'# = ' <&-<$ = < &|+&` = <@ [`+<] = [#$ Now, determine the result for: <&+<#"
a361a1b7,equation_numeric_operator,mixed,:46,46,False,46,False,46,False,False,53:99,5,:<=@,"In Alice's Wonderland, a secret set of transformation rules is applied to equations. Below are a few examples: 90@12 = 9012 99@42 = 9942 88<41 = 3609 74<61 = 4515 64<35 = 2241 Now, determine the result for: 53:99"
a5f1991c,equation_symbolic_punct,symbolic,/|',!&&&,False,!&&&,False,!&&&,False,False,!?/&&,0,!&/?,"In Alice's Wonderland, a secret set of transformation rules is applied to equations. Below are a few examples: '>""&' = '>&' &?/?} = '? @'[!' = ''! ?&""|| = ?&|| >^""@@ = >^@@ Now, determine the result for: !?/&&"
a77be9fa,equation_symbolic_punct,symbolic,"[""",{>$[,False,{>$[,False,{>$[,False,False,{>|$[,0,$>[{|,"In Alice's Wonderland, a secret set of transformation rules is applied to equations. Below are a few examples: (^&$"" = [}\ \^!^[ = {[} ""$|:^ = ^\ Now, determine the result for: {>|$["
a98d4d53,equation_symbolic_punct,symbolic,-),!$$[,False,!$$[,False,!$$[,False,False,!$-$[,0,!$-[,"In Alice's Wonderland, a secret set of transformation rules is applied to equations. Below are a few examples: ||*[/ = #[| :)-)$ = -[/ $$+[) = $$[) Now, determine the result for: !$-$["
ae6be599,equation_symbolic_punct,symbolic,#`,$?]$,False,$?]$,False,$?]$,False,False,$?+]$,0,$+?],"In Alice's Wonderland, a secret set of transformation rules is applied to equations. Below are a few examples: $|*?] = $|?] $$+|# = %%] %#-""\ = -%% Now, determine the result for: $?+]$"
b0206bb7,equation_symbolic_punct,symbolic,]$!,$){,False,$){,False,$){,False,False,${*)},0,$)*{},"In Alice's Wonderland, a secret set of transformation rules is applied to equations. Below are a few examples: ){+&# = // !/*&@ = /{@} {)-&! = -/# {}*)} = &#{# ]!-}{ = -@& Now, determine the result for: ${*)}"
b06625c4,equation_symbolic_punct,symbolic,^&/,"""$ $]""",False,"""$ $]""",False,"""$ $]""",False,False,"""$*$]",0,"""$*]","In Alice's Wonderland, a secret set of transformation rules is applied to equations. Below are a few examples: """"*$"" = <&# $]-<# = $< &&+^) = ]& /&-^$ = $$ Now, determine the result for: ""$*$]"
b4b73143,equation_symbolic_punct,symbolic,>\:,>!!/,False,>!!/,False,>!!/,False,False,>!%!/,0,!%/>,"In Alice's Wonderland, a secret set of transformation rules is applied to equations. Below are a few examples: ?{%["" = ?\!{ :!*""{ = ?## /#*{# = #/ Now, determine the result for: >!%!/"
b9f1d959,equation_symbolic_punct,symbolic,:>,"$""\[""",False,"$""\[""",False,"$""\[""",False,False,"$\+""[",0,"""$+[\","In Alice's Wonderland, a secret set of transformation rules is applied to equations. Below are a few examples: :>+(( = [&[ {{-(: = `\ >[-:( = -\> [\+{[ = ""` &`+""[ = ""> Now, determine the result for: $\+""["
c24074a8,equation_symbolic_punct,symbolic,&/,]]]%,False,]]]%,False,]]]%,False,False,]],0,],"In Alice's Wonderland, a secret set of transformation rules is applied to equations. Below are a few examples: ??#(& = #]/ ]/#|/ = #}< ?|>?] = /()} }}>?< = ?|% }/>?) = )&} Now, determine the result for: ]]`]%"
c43b5a13,equation_symbolic_punct,symbolic,)|,$):$,False,$):$,False,$):$,False,False,$)+:$,0,$)+:,"In Alice's Wonderland, a secret set of transformation rules is applied to equations. Below are a few examples: /:+<{ = |< |&-/| = {| $(+){ = |{ Now, determine the result for: $)+:$"
c5b058d6,equation_numeric_operator,numeric,134,35,False,35,False,35,False,False,94)40,4,#)=,"In Alice's Wonderland, a secret set of transformation rules is applied to equations. Below are a few examples: 72)27 = 99 26#48 = 22 42#45 = 3 24#14 = 10 Now, determine the result for: 94)40"
c7aae192,equation_symbolic_punct,symbolic,">""(","\""]",False,"\""]",False,"\""]",False,False,"\""*}}",0,"""*\}","In Alice's Wonderland, a secret set of transformation rules is applied to equations. Below are a few examples: ""}+{"" = `` #{-{# = >} {>*(# = {`{\ Now, determine the result for: \""*}}"
ca5db1c0,equation_symbolic_punct,symbolic,^,"(""'|",False,"(""'|",False,"(""'|",False,False,"(""-'|",0,"""'(-|","In Alice's Wonderland, a secret set of transformation rules is applied to equations. Below are a few examples: ^%-""` = ""| ""@*?` = ?""^ %@*`) = ""%"" Now, determine the result for: (""-'|"
cdec898a,equation_symbolic_punct,symbolic,<?/,>}][?,False,>}][?,False,output: 【>}】【]?】-> 【{>}?}?}?}?}?}?}?}?}?}?}?}?}?}?}?}?}?}?}?}?}?}?}?}?}?}?}?}?}?}?}?}?}?}?}?}?}?}?}?}?}?}?}?}?}?}?}?}?}?}?}?}?}?}?}?}?}?}?}?}?}?}?}?}?}?}?}?}?}?}?}?}?}?}?}?}?}?}?}?}?}?}?}?}?}?}?}?}?}?}?}?}?}?}?}?}?}?}?}?}?}?}?}?}?}?}?}?}?}?}?}?}?}?}?}?}?}?}?}?}?}?}?}?}?}?}?}?}?}?}?}?}?}?}?}?}?}?}?}?}?}?}?}?}?}?}?}?}?}?}?}?}?}?}?}?}?}?}?}?}?}?}?}?}?}?}?}?}?}?}?}?}?}?}?}?}?}?}?}?}?}?}?}?}?}?}?}?}?}?}?}?}?}?}?}?}?}?}?}?}?}?}?}?}?}?}?}?}?}?}?}?}?}?}?}?}?}?}?}?}?}?}?}?}?}?}?}?}?}?}?}?}?}?}?}?}?}?}?}?}?}?}?}?}?}?}?}?}?}?}?}?}?}?}?}?}?}?}?}?}?}?}?}?}?}?}?}?}?}?}?}?}?}?}?}?}?}?}?}?}?}?}?}?}?}?}?}?}?}?}?}?}?}?}?}?}?}?}?}?}?}?}?}?}?}?}?}?}?}?}?}?}?}?}?}?}?}?}?}?}?}?}?}?}?}?}?}?}?}?}?}?}?}?}?}?}?}?}?}?}?}?}?}?}?}?}?}?}?}?}?}?}?}?}?}?}?}?}?}?}?}?}?}?}?}?}?}?}?}?}?}?}?}?}?}?}?}?}?}?}?}?}?}?}?}?}?}?}?}?}?}?}?}?}?}?}?}?}?}?}?}?}?}?}?}?}?}?}?}?}?}?}?}?}?}?}?}?}?}?}?}?}?}?}?}?}?}?}?}?}?}?}?}?}?}?}?}?}?}?}?}?}?}?}?}?}?}?}?}?}?}?}?}?}?}?}?}?}?}?}?}?}?}?}?}?}?}?}?}?}?}?}?}?}?}?}?}?}?}?}?}?}?}?}?}?}?}?}?}?}?}?}?}?}?}?}?}?}?}?}?}?}?}?}?}?}?}?}?}?}?}?}?}?}?}?}?}?}?}?}?}?}?}?}?}?}?}?}?}?}?}?}?}?}?}?}?}?}?}?}?}?}?}?}?}?}?}?}?}?}?}?}?}?}?}?}?}?}?}?}?}?}?}?}?}?}?}?}?}?}?}?}?}?}?}?}?}?}?}?}?}?}?}?}?}?}?}?}?}?}?}?}?}?}?}?}?}?}?}?}?}?}?}?}?}?}?}?}?}?}?}?}?}?}?}?}?}?}?}?}?}?}?}?}?}?}?}?}?}?}?}?}?}?}?}?}?}?}?}?}?}?}?}?}?}?}?}?}?}?}?}?}?}?}?}?}?}?}?}?}?}?}?}?}?}?}?}?}?}?}?}?}?}?}?}?}?}?}?}?}?}?}?}?}?}?}?}?}?}?}?}?}?}?}?}?}?}?}?}?}?}?}?}?}?}?}?}?}?}?}?}?}?}?}?}?}?}?}?}?}?}?}?}?}?}?}?}?}?}?}?}?}?}?}?}?}?}?}?}?}?}?}?}?}?}?}?}?}?}?}?}?}?}?}?}?}?}?}?}?}?}?}?}?}?}?}?}?}?}?}?}?}?}?}?}?}?}?}?}?}?}?}?}?}?}?}?}?}?}?}?}?}?}?}?}?}?}?}?}?}?}?}?}?}?}?}?}?}?}?}?}?}?}?}?}?}?}?}?}?}?}?}?}?}?}?}?}?}?}?}?}?}?}?}?}?}?}?}?}?}?}?}?}?}?}?}?}?}?}?}?}?}?}?}?}?}?}?}?}?}?}?}?}?}?}?}?}?}?}?}?}?}?}?}?}?}?}?}?}?}?}?}?}?}?}?}?}?}?}?}?}?}?}?}?}?}?}?}?}?}?}?}?}?}?}?}?}?}?}?}?}?}?}?}?}?}?}?}?}?}?}?}?}?}?}?}?}?}?}?}?}?}?}?}?}?}?}?}?}?}?}?}?}?}?}?}?}?}?}?}?}?}?}?}?}?}?}?}?}?}?}?}?}?}?}?}?}?}?}?}?}?}?}?}?}?}?}?}?}?}?}?}?}?}?}?}?}?}?}?}?}?}?}?}?}?}?}?}?}?}?}?}?}?}?}?}?}?}?}?}?}?}?}?}?}?}?}?}?}?}?}?}?}?}?}?}?}?}?}?}?}?}?}?}?}?}?}?}?}?}?}?}?}?}?}?}?}?}?}?}?}?}?}?}?}?}?}?}?}?}?}?}?}?}?}?}?}?}?}?}?}?}?}?}?}?}?}?}?}?}?}?}?}?}?}?}?}?}?}?}?}?}?}?}?}?}?}?}?}?}?}?}?}?}?}?}?}?}?}?}?}?}?}?}?}?}?}?}?}?}?}?}?}?}?}?}?}?}?}?}?}?}?}?}?}?}?}?}?}?}?}?}?}?}?}?}?}?}?}?}?}?}?}?}?}?}?}?}?}?}?}?}?}?}?}?}?}?}?}?}?}?}?}?}?}?}?}?}?}?}?}?}?}?}?}?}?}?}?}?}?}?}?}?}?}?}?}?}?}?}?}?}?}?}?}?}?}?}?}?}?}?}?}?}?}?}?}?}?}?}?}?}?}?}?}?}?}?}?}?}?}?}?}?}?}?}?}?}?}?}?}?}?}?}?}?}?}?}?}?}?}?}?}?}?}?}?}?}?}?}?}?}?}?}?}?}?}?}?}?}?}?}?}?}?}?}?}?}?}?}?}?}?}?}?}?}?}?}?}?}?}?}?}?}?}?}?}?}?}?}?}?}?}?}?}?}?}?}?}?}?}?}?}?}?}?}?}?}?}?}?}?}?}?}?}?}?}?}?}?}?}?}?}?}?}?}?}?}?}?}?}?}?}?}?}?}?}?}?}?}?}?}?}?}?}?}?}?}?}?}?}?}?}?}?}?}?}?}?}?}?}?}?}?}?}?}?}?}?}?}?}?}?}?}?}?}?}?}?}?}?}?}?}?}?}?}?}?}?}?}?}?}?}?}?}?}?}?}?}?}?}?}?}?}?}?}?}?}?}?}?}?}?}?}?}?}?}?}?}?}?}?}?}?}?}?}?}?}?}?}?}?}?}?}?}?}?}?}?}?}?}?}?}?}?}?}?}?}?}?}?}?}?}?}?}?}?}?}?}?}?}?}?}?}?}?}?}?}?}?}?}?}?}?}?}?}?}?}?}?}?}?}?}?}?}?}?}?}?}?}?}?}?}?}?}?}?}?}?}?}?}?}?}?}?}?}?}?}?}?}?}?}?}?}?}?}?}?}?}?}?}?}?}?}?}?}?}?}?}?}?}?}?}?}?}?}?}?}?}?}?}?}?}?}?}?}?}?}?}?}?}?}?}?}?}?}?}?}?}?}?}?}?}?}?}?}?}?}?}?}?}?}?}?}?}?}?}?}?}?}?}?}?}?}?}?}?}?}?}?}?}?}?}?}?}?}?}?}?}?}?}?}?}?}?}?}?}?}?}?}?}?}?}?}?}?}?}?}?}?}?}?}?}?}?}?}?}?}?}?}?}?}?}?}?}?}?}?}?}?}?}?}?}?}?}?}?}?}?}?}?}?}?}?}?}?}?}?}?}?}?}?}?}?}?}?}?}?}?}?}?}?}?}?}?}?}?}?}?}?}?}?}?}?}?}?}?}?}?}?}?}?}?}?}?}?}?}?}?}?}?}?}?}?}?}?}?}?}?}?}?}?}?}?}?}?}?}?}?}?}?}?}?}?}?}?}?}?}?}?}?}?}?}?}?}?}?}?}?}?}?}?}?}?}?}?}?}?}?}?}?}?}?}?}?}?}?}?}?}?}?}?}?}?}?}?}?}?}?}?}?}?}?}?}?}?}?}?}?}?}?}?}?}?}?}?}?}?}?}?}?}?}?}?}?}?}?}?}?}?}?}?}?}?}?}?}?}?}?}?}?}?}?}?}?}?}?}?}?}?}?}?}?}?}?}?}?}?}?}?}?}?}?}?}?}?}?}?}?}?}?}?}?}?}?}?}?}?}?}?}?}?}?}?}?}?}?}?}?}?}?}?}?}?}?}?}?}?}?}?}?}?}?}?}?}?}?}?}?}?}?}?}?}?}?}?}?}?}?}?}?}?}?}?}?}?}?}?}?}?}?}?}?}?}?}?}?}?}?}?}?}?}?}?}?}?}?}?}?}?}?}?}?}?}?}?}?}?}?}?}?}?}?}?}?}?}?}?}?}?}?}?}?}?}?}?}?}?}?}?}?}?}?}?}?}?}?}?}?}?}?}?}?}?}?}?}?}?}?}?}?}?}?}?}?}?}?}?}?}?}?}?}?}?}?}?}?}?}?}?}?}?}?}?}?}?}?}?}?}?}?}?}?}?}?}?}?}?}?}?}?}?}?}?}?}?}?}?}?}?}?}?}?}?}?}?}?}?}?}?}?}?}?}?}?}?}?}?}?}?}?}?}?}?}?}?}?}?}?}?}?}?}?}?}?}?}?}?}?}?}?}?}?}?}?}?}?}?}?}?}?}?}?}?}?}?}?}?}?}?}?}?}?}?}?}?}?}?}?}?}?}?}?}?}?}?}?}?}?}?}?}?}?}?}?}?}?}?}?}?}?}?}?}?}?}?}?}?}?}?}?}?}?}?}?}?}?}?}?}?}?}?}?}?}?}?}?}?}?}?}?}?}?}?}?}?}?}?}?}?}?}?}?}?}?}?}?}?}?}?}?}?}?}?}?}?}?}?}?}?}?}?}?}?}?}?}?}?}?}?}?}?}?}?}?}?}?}?}?}?}?}?}?}?}?}?}?}?}?}?}?}?}?}?}?}?}?}?}?}?}?}?}?}?}?}?}?}?}?}?}?}?}?}?}?}?}?}?}?}?}?}?}?}?}?}?}?}?}?}?}?}?}?}?}?}?}?}?}?}?}?}?}?}?}?}?}?}?}?}?}?}?}?}?}?}?}?}?}?}?}?}?}?}?}?}?}?}?}?}?}?}?}?}?}?}?}?}?}?}?}?}?}?}?}?}?}?}?}?}?}?}?}?}?}?}?}?}?}?}?}?}?}?}?}?}?}?}?}?}?}?}?}?}?}?}?}?}?}?}?}?}?}?}?}?}?}?}?}?}?}?}?}?}?}?}?}?}?}?}?}?}?}?}?}?}?}?}?}?}?}?}?}?}?}?}?}?}?}?}?}?}?}?}?}?}?}?}?}?}?}?}?}?}?}?}?}?}?}?}?}?}?}?}?}?}?}?}?}?}?}?}?}?}?}?}?}?}?}?}?}?}?}?}?}?}?}?}?}?}?}?}?}?}?}?}?}?}?}?}?}?}?}?}?}?}?}?}?}?}?}?}?}?}?}?}?}?}?}?}?}?}?}?}?}?}?}?}?}?}?}?}?}?}?}?}?}?}?}?}?}?}?}?}?}?}?}?}?}?}?}?}?}?}?}?}?}?}?}?}?}?}?}?}?}?}?}?}?}?}?}?}?}?}?}?}?}?}?}?}?}?}?}?}?}?}?}?}?}?}?}?}?}?}?}?}?}?}?}?}?}?}?}?}?}?}?}?}?}?}?}?}?}?}?}?}?}?}?}?}?}?}?}?}?}?}?}?}?}?}?}?}?}?}?}?}?}?}?}?}?}?}?}?}?}?}?}?}?}?}?}?}?}?}?}?}?}?}?}?}?}?}?}?}?}?}?}?}?}?}?}?}?}?}?}?}?}?}?}?}?}?}?}?}?}?}?}?}?}?}?}?}?}?}?}?}?}?}?}?}?}?}?}?}?}?}?}?}?}?}?}?}?}?}?}?}?}?}?}?}?}?}?}?}?}?}?}?}?}?}?}?}?}?}?}?}?}?}?}?}?}?}?}?}?}?}?}?}?}?}?}?}?}?}?}?}?}?}?}?}?}?}?}?}?}?}?}?}?}?}?}?}?}?}?}?}?}?}?}?}?}?}?}?}?}?}?}?}?}?}?}?}?}?}?}?}?}?}?}?}?}?}?}?}?}?}?}?}?}?}?}?}?}?}?}?}?}?}?}?}?}?}?}?}?}?}?}?}?}?}?}?}?}?}?}?}?}?}?}?}?}?}?}?}?}?}?}?}?}?}?}?}?}?}?}?}?}?}?}?}?}?}?}?}?}?}?}?}?}?}?}?}?}?}?}?}?}?}?}?}?}?}?}?}?}?}?}?}?}?}?}?}?}?}?}?}?}?}?}?}?}?}?}?}?}?}?}?}?}?}?}?}?}?}?}?}?}?}?}?}?}?}?}?}?}?}?}?}?}?}?}?}?}?}?}?}?}?}?}?}?}?}?}?}?}?}?}?}?}?}?}?}?}?}?}?}?}?}?}?}?}?}?}?}?}?}?}?}?}?}?}?}?}?}?}?}?}?}?}?}?}?}?}?}?}?}?}?}?}?}?}?}?}?}?}?}?}?}?}?}?}?}?}?}?}?}?}?}?}?}?}?}?}?}?}?}?}?}?}?}?}?}?}?}?}?}?}?}?}?}?}?}?}?}?}?}?}?}?}?}?}?}?}?}?}?}?}?}?}?}?}?}?}?}?}?}?}?}?}?}?}?}?}?}?}?}?}?}?}?}?}?}?}?}?}?}?}?}?}?}?}?}?}?}?}?}?}?}?}?}?}?}?}?}?}?}?}?}?}?}?}?}?}?}?}?}?}?}?}?}?}?}?}?}?}?}?}?}?}?}?}?}?}?}?}?}?}?}?}?}?}?}?}?}?}?}?}?}?}?}?}?}?}?}?}?}?}?}?}?}?}?}?}?}?}?}?}?}?}?}?}?}?}?}?}?}?}?}?}?}?}?}?}?}?}?}?}?}?}?}?}?}?}?}?}?}?}?}?}?}?}?}?}?}?}?}?}?}?}?}?}?}?}?}?}?}?}?}?}?}?}?}?}?}?}?}?}?}?}?}?}?}?}?}?}?}?}?}?}?}?}?}?}?}?}?}?}?}?}?}?}?}?}?}?}?}?}?}?}?}?}?}?}?}?}?}?}?}?}?}?}?}?}?}?}?}?}?}?}?}?}?}?}?}?}?}?}?}?}?}?}?}?}?}?}?}?}?}?}?}?}?}?}?}?}?}?}?}?}?}?}?}?}?}?}?}?}?}?}?}?}?}?}?}?}?}?}?}?}?}?}?}?}?}?}?}?}?}?}?}?}?}?}?}?}?}?}?}?}?}?}?}?}?}?}?}?}?}?}?}?}?}?}?}?}?}?}?}?}?}?}?}?}?}?}?}?}?}?}?}?}?}?}?}?}?}?}?}?}?}?}?}?}?}?}?}?}?}?}?}?}?}?}?}?}?}?}?}?}?}?}?}?}?}?}?}?}?}?}?}?}?}?}?}?}?}?}?}?}?}?}?}?}?}?}?}?}?}?}?}?}?}?}?}?}?}?}?}?}?}?}?}?}?}?}?}?}?}?}?}?}?}?}?}?}?}?}?}?}?}?}?}?}?}?}?}?}?}?}?}?}?}?}?}?}?}?}?}?}?}?}?}?}?}?}?}?}?}?}?}?}?}?}?}?}?}?}?}?}?}?}?}?}?}?}?}?}?}?}?}?}?}?}?}?}?}?}?}?}?}?}?}?}?}?}?}?}?}?}?}?}?}?}?}?}?}?}?}?}?}?}?}?}?}?}?}?}?}?}?}?}?}?}?}?}?}?}?}?}?}?}?}?}?}?}?}?}?}?}?}?}?}?}?}?}?}?}?}?}?}?}?}?}?}?}?}?}?}?}?}?}?}?}?}?}?}?}?}?}?}?}?}?}?}?}?}?}?}?}?}?}?}?}?}?}?}?}?}?}?}?}?},False,False,>}+]?,0,+>?]},"In Alice's Wonderland, a secret set of transformation rules is applied to equations. Below are a few examples: )>-}] = -<% %`-/` = / `>+%/ = )? <}+)] = }?/ Now, determine the result for: >}+]?"
cf4c04c0,equation_symbolic_punct,symbolic,-[,@|#|,False,@|#|,False,@|#|,False,False,@|-#|,0,#-@|,"In Alice's Wonderland, a secret set of transformation rules is applied to equations. Below are a few examples: ${*#{ = '@@{ '{*[[ = $:/[ {$-[# = |( |:-[: = ( ([*:[ = /(: Now, determine the result for: @|-#|"
d0e1010b,equation_symbolic_punct,symbolic,!&&},|&$|,False,|&$|,False,|&$|,False,False,|&*$|,0,$&*|,"In Alice's Wonderland, a secret set of transformation rules is applied to equations. Below are a few examples: ''+^> = !^& >^+>! = !%^ '#*>| = >}&$ ^'*%| = !$^# Now, determine the result for: |&*$|"
d129b085,equation_symbolic_punct,symbolic,##$,!>``,False,!>``,False,!>``,False,False,!>+,0,!+>,"In Alice's Wonderland, a secret set of transformation rules is applied to equations. Below are a few examples: @\+!"" = `$$ #\+>! = \@ <@*>"" = @#`] !]*@] = #>`` Now, determine the result for: !>+`"""
d1bd7478,equation_numeric_operator,numeric,30,03,False,3,False,03,False,False,37:67,4,$:=|,"In Alice's Wonderland, a secret set of transformation rules is applied to equations. Below are a few examples: 89$90 = 8010 88:77 = 11 10|87 = 98 41|87 = 129 Now, determine the result for: 37:67"
d29e19a4,equation_symbolic_punct,symbolic,?|,|''>,False,|''>,False,|''>,False,False,|'$>',0,$'>|,"In Alice's Wonderland, a secret set of transformation rules is applied to equations. Below are a few examples: >&]?\ = ]&: ?}$|? = #}: &}$>} = ?\ |\+?| = |^#| Now, determine the result for: |'$>'"
d5a03a2e,equation_symbolic_punct,symbolic,>>,""")&&",False,""")&&",False,""")&&",False,False,""""")&&",0,"""&)","In Alice's Wonderland, a secret set of transformation rules is applied to equations. Below are a few examples: ?{+&% = @/^ !?)>^ = & @{`&/ = ?!{ ^{`?? = &> Now, determine the result for: """")&&"
d911e8e1,equation_symbolic_punct,symbolic,:\:,@}<',False,@}<',False,@}<',False,False,@})<',0,')<@},"In Alice's Wonderland, a secret set of transformation rules is applied to equations. Below are a few examples: ""#)@& = :#: }'('' = \'""} :>$:} = $} Now, determine the result for: @})<'"
d98d85c0,equation_symbolic_punct,symbolic,?(&@,(@@?,False,(@@?,False,(@@?,False,False,(@+@?,0,(+?@,"In Alice's Wonderland, a secret set of transformation rules is applied to equations. Below are a few examples: (#-`> = '' |'-'# = || @&+'> = '&&& Now, determine the result for: (@+@?"
e1728524,equation_numeric_operator,numeric,1089,0,False,0,False,0,False,False,99/99,5,&/:=,"In Alice's Wonderland, a secret set of transformation rules is applied to equations. Below are a few examples: 12&13 = 01 57:58 = 161 06&91 = 14& 64:92 = 67 87&89 = 02 Now, determine the result for: 99/99"
e3890bf7,equation_symbolic_punct,symbolic,{@%],(^@{,False,(^@{,False,(^@{,False,False,(^*{@,0,(*@^{,"In Alice's Wonderland, a secret set of transformation rules is applied to equations. Below are a few examples: (^}#% = @$( ?^*#? = ^@#^ {(}&? = &{( Now, determine the result for: (^*{@"
e3bf0c2c,equation_symbolic_punct,symbolic,"""`",@`',False,@`'',False,@`'',False,False,@,0,@,"In Alice's Wonderland, a secret set of transformation rules is applied to equations. Below are a few examples: @"")`[ = ^^`[ /`)@& = \'"""" '')'& = '`& `/)""( = @&\& \/}@` = `[ Now, determine the result for: @`}''"
e3fbc768,equation_symbolic_punct,symbolic,'(^),%??,False,%??,False,%??,False,False,{%/??,0,%/?{,"In Alice's Wonderland, a secret set of transformation rules is applied to equations. Below are a few examples: ??/:^ = ){)? :'`^) = [ {!`)( = % Now, determine the result for: {%/??"
e4cc7639,equation_numeric_operator,numeric,113,16,False,16,False,16,False,False,48*64,5,!*=[,"In Alice's Wonderland, a secret set of transformation rules is applied to equations. Below are a few examples: 62[83 = 5146 99[39 = 3861 14[53 = 742 33[43 = 1419 80!25 = 5 Now, determine the result for: 48*64"
e582df31,equation_symbolic_punct,symbolic,}@,"""']@",False,"""']@",False,"""']@",False,False,"""'?]@",0,"""'?@]","In Alice's Wonderland, a secret set of transformation rules is applied to equations. Below are a few examples: }#[""' = :@}' ]]!^"" = #"" ]/?}] = ?@# Now, determine the result for: ""'?]@"
ea6d926a,equation_numeric_operator,numeric,87,37,False,37,False,37,False,False,25+62,4,*+-=,"In Alice's Wonderland, a secret set of transformation rules is applied to equations. Below are a few examples: 15-77 = 62 78*32 = 2002 41-05 = 8 95*11 = 056 Now, determine the result for: 25+62"
eb1a62f7,equation_symbolic_punct,symbolic,>!>},){>),False,){>),False,){>),False,False,)}*>),0,)*>},"In Alice's Wonderland, a secret set of transformation rules is applied to equations. Below are a few examples: )^-{! = -(@ >)+}@ = }}{ %%+?^ = )@{ Now, determine the result for: )}*>)"
ec8b4875,equation_symbolic_punct,symbolic,"|""]",|@<!,False,|@<!,False,|@<!,False,False,|@*<!,0,!*<@|,"In Alice's Wonderland, a secret set of transformation rules is applied to equations. Below are a few examples: %?*:? = ?"":: ""<*<% = <]]? @:-:: = -"" Now, determine the result for: |@*<!"
edf364da,equation_symbolic_punct,symbolic,$(%,::{[,False,::{[,False,::{[,False,False,::*{[,0,*:[{,"In Alice's Wonderland, a secret set of transformation rules is applied to equations. Below are a few examples: [!+$! = {:$ ??*!{ = {:[? {|+?] = ][ Now, determine the result for: ::*{["
f7d26b8d,equation_symbolic_punct,symbolic,/@,[}}\,False,[}}\,False,[}}\,False,False,[}-}\,0,-[\},"In Alice's Wonderland, a secret set of transformation rules is applied to equations. Below are a few examples: %[-]% = }\ \}-%` = -\} /[+}[ = [`@ ``*$] = /$\] $}*}\ = $[/@ Now, determine the result for: [}-}\"
f9799a68,equation_symbolic_punct,symbolic,&:/?,:^?\,False,:^?\,False,:^?\,False,False,:^*?\,0,*:?\^,"In Alice's Wonderland, a secret set of transformation rules is applied to equations. Below are a few examples: /&+`& = `&/& |`+`| = `||` ?&+[` = [`?& `[-|$ = &? Now, determine the result for: :^*?\"
f9a33aa1,equation_symbolic_punct,symbolic,/((`,@($/,False,@($/,False,@($/,False,False,@(\$/,0,$(/@\,"In Alice's Wonderland, a secret set of transformation rules is applied to equations. Below are a few examples: (}\@@ = %(`} }}'%% = '(( &}\$` = }#$# %/'&( = '}/ Now, determine the result for: @(\$/"
fb623471,equation_numeric_operator,numeric,-21,21,False,21,False,21,False,False,08-29,3,*-=,"In Alice's Wonderland, a secret set of transformation rules is applied to equations. Below are a few examples: 84*57 = 1063 67-37 = 3 77*65 = 3134 Now, determine the result for: 08-29"
fba40625,equation_symbolic_punct,symbolic,'>&,{>?#,False,{>?#,False,{>?#,False,False,{>'?#,0,#'>?{,"In Alice's Wonderland, a secret set of transformation rules is applied to equations. Below are a few examples: ?>/)] = ?>)] #?'{% = {? >{'#^ = '&& >>`#] = {#?> Now, determine the result for: {>'?#"
fdbdf50c,equation_symbolic_punct,symbolic,"-\""",|?|,False,|?|,False,|?|,False,False,|\-?|,0,-?\|,"In Alice's Wonderland, a secret set of transformation rules is applied to equations. Below are a few examples: %?-)\ = ^] ??-?? = % <^}""| = ?< ]^(?] = ""'< )'-?"" = ^| Now, determine the result for: |\-?|"
ff121f08,equation_symbolic_punct,symbolic,#<,!%<<,False,!%<<,False,!%<<,False,False,!%+<<,0,!%+<,"In Alice's Wonderland, a secret set of transformation rules is applied to equations. Below are a few examples: %`+^< = +<% #!(!< = %#@ `^(%^ = %[`> #^\!! = /# `>\`` = #^` Now, determine the result for: !%+<<"
