id,family,source,status,prediction,answer,baseline_prediction,baseline_correct,candidate_correct,reason,proof
e518256e,equation_transform,v412_equation_vsa_ranked,abstain,,84,84,True,False,no_consistent_vsa_program,"{""program_count"": 0, ""reason"": ""no_consistent_vsa_program"", ""status"": ""abstain""}"
09d5ee68,equation_transform,v412_equation_vsa_ranked,abstain,,!?'!,|:>>,False,False,no_consistent_vsa_program,"{""program_count"": 0, ""reason"": ""no_consistent_vsa_program"", ""status"": ""abstain""}"
7e5b8c12,bit_manipulation,v412_bit_lut_k123,abstain,,10110000,10110000,True,False,ambiguous_lut_prediction_bit_0,"{""accepted_counts"": [19], ""consistent_counts"": [35], ""reason"": ""ambiguous_lut_prediction_bit_0"", ""status"": ""abstain"", ""top_predictions"": [0, 1], ""top_score"": -6}"
00457d26,equation_transform,v412_equation_vsa_ranked,abstain,,@&,\boxed[[!'},False,False,no_consistent_vsa_program,"{""program_count"": 0, ""reason"": ""no_consistent_vsa_program"", ""status"": ""abstain""}"
518deb39,equation_transform,v412_equation_vsa_ranked,abstain,,$,{}>{,False,False,no_consistent_vsa_program,"{""program_count"": 0, ""reason"": ""no_consistent_vsa_program"", ""status"": ""abstain""}"
78616706,bit_manipulation,v412_bit_lut_k123,abstain,,00000111,00000111,True,False,ambiguous_lut_prediction_bit_0,"{""accepted_counts"": [32], ""consistent_counts"": [37], ""reason"": ""ambiguous_lut_prediction_bit_0"", ""status"": ""abstain"", ""top_predictions"": [0, 1], ""top_score"": 4}"
82109e34,equation_transform,v412_equation_vsa_ranked,abstain,,-@>,'^^^',False,False,no_consistent_vsa_program,"{""program_count"": 0, ""reason"": ""no_consistent_vsa_program"", ""status"": ""abstain""}"
5e67b1a1,equation_transform,v412_equation_vsa_ranked,abstain,,63,63,True,False,no_consistent_vsa_program,"{""program_count"": 3, ""reason"": ""no_consistent_vsa_program"", ""status"": ""abstain""}"
c7077b21,bit_manipulation,v412_bit_lut_k123,abstain,,00010110,00010110,True,False,ambiguous_lut_prediction_bit_2,"{""accepted_counts"": [5, 5, 30], ""consistent_counts"": [7, 7, 43], ""reason"": ""ambiguous_lut_prediction_bit_2"", ""status"": ""abstain"", ""top_predictions"": [0, 1], ""top_score"": 4}"
fb5a7b9e,bit_manipulation,v412_bit_lut_k123,abstain,,11111010,11111010,True,False,ambiguous_lut_prediction_bit_0,"{""accepted_counts"": [18], ""consistent_counts"": [38], ""reason"": ""ambiguous_lut_prediction_bit_0"", ""status"": ""abstain"", ""top_predictions"": [0, 1], ""top_score"": -10}"
e1728524,equation_transform,v412_equation_vsa_ranked,abstain,,1089,0,False,False,no_consistent_vsa_program,"{""program_count"": 0, ""reason"": ""no_consistent_vsa_program"", ""status"": ""abstain""}"
839e7350,bit_manipulation,v412_bit_lut_k123,abstain,,00111011,00111011,True,False,ambiguous_lut_prediction_bit_0,"{""accepted_counts"": [9], ""consistent_counts"": [15], ""reason"": ""ambiguous_lut_prediction_bit_0"", ""status"": ""abstain"", ""top_predictions"": [0, 1], ""top_score"": 2}"
a365e304,bit_manipulation,v412_bit_lut_k123,abstain,,11011011,11011011,True,False,ambiguous_lut_prediction_bit_0,"{""accepted_counts"": [38], ""consistent_counts"": [44], ""reason"": ""ambiguous_lut_prediction_bit_0"", ""status"": ""abstain"", ""top_predictions"": [0, 1], ""top_score"": -4}"
e3bf0c2c,equation_transform,v412_equation_vsa_ranked,abstain,,"""`",@`',False,False,no_consistent_vsa_program,"{""program_count"": 0, ""reason"": ""no_consistent_vsa_program"", ""status"": ""abstain""}"
fdbdf50c,equation_transform,v412_equation_vsa_ranked,abstain,,"-\""",|?|,False,False,no_consistent_vsa_program,"{""program_count"": 0, ""reason"": ""no_consistent_vsa_program"", ""status"": ""abstain""}"
f3971b9a,bit_manipulation,v412_bit_lut_k123,abstain,,00011001,00011001,True,False,ambiguous_lut_prediction_bit_1,"{""accepted_counts"": [6, 16], ""consistent_counts"": [7, 21], ""reason"": ""ambiguous_lut_prediction_bit_1"", ""status"": ""abstain"", ""top_predictions"": [0, 1], ""top_score"": 0}"
ab71eaa0,bit_manipulation,v412_bit_lut_k123,abstain,,00010010,00010010,True,False,ambiguous_lut_prediction_bit_0,"{""accepted_counts"": [34], ""consistent_counts"": [41], ""reason"": ""ambiguous_lut_prediction_bit_0"", ""status"": ""abstain"", ""top_predictions"": [0, 1], ""top_score"": -6}"
47c1d8f5,equation_transform,v412_equation_vsa_ranked,abstain,,]%],/`%`,False,False,no_consistent_vsa_program,"{""program_count"": 0, ""reason"": ""no_consistent_vsa_program"", ""status"": ""abstain""}"
bfee75d5,bit_manipulation,v412_bit_lut_k123,abstain,,01000010,01000010,True,False,ambiguous_lut_prediction_bit_7,"{""accepted_counts"": [28, 29, 21, 28, 29, 28, 29, 27], ""consistent_counts"": [30, 30, 29, 29, 30, 30, 30, 34], ""reason"": ""ambiguous_lut_prediction_bit_7"", ""status"": ""abstain"", ""top_predictions"": [0, 1], ""top_score"": -10}"
f9a33aa1,equation_transform,v412_equation_vsa_ranked,abstain,,/((`,@($/,False,False,no_consistent_vsa_program,"{""program_count"": 0, ""reason"": ""no_consistent_vsa_program"", ""status"": ""abstain""}"
1abaffca,bit_manipulation,v412_bit_lut_k123,abstain,,01000000,01011000,False,False,ambiguous_lut_prediction_bit_0,"{""accepted_counts"": [28], ""consistent_counts"": [45], ""reason"": ""ambiguous_lut_prediction_bit_0"", ""status"": ""abstain"", ""top_predictions"": [0, 1], ""top_score"": 10}"
9f2fae58,equation_transform,v412_equation_vsa_ranked,abstain,,7272,7272,True,False,no_consistent_vsa_program,"{""program_count"": 0, ""reason"": ""no_consistent_vsa_program"", ""status"": ""abstain""}"
f9799a68,equation_transform,v412_equation_vsa_ranked,abstain,,&:/?,:^?\,False,False,no_consistent_vsa_program,"{""program_count"": 0, ""reason"": ""no_consistent_vsa_program"", ""status"": ""abstain""}"
c24074a8,equation_transform,v412_equation_vsa_ranked,abstain,,&/,]]]%,False,False,no_consistent_vsa_program,"{""program_count"": 0, ""reason"": ""no_consistent_vsa_program"", ""status"": ""abstain""}"
bc7618a7,bit_manipulation,v412_bit_lut_k123,abstain,,00001100,00001100,True,False,ambiguous_lut_prediction_bit_0,"{""accepted_counts"": [23], ""consistent_counts"": [51], ""reason"": ""ambiguous_lut_prediction_bit_0"", ""status"": ""abstain"", ""top_predictions"": [0, 1], ""top_score"": -4}"
893ffb06,equation_transform,v412_equation_vsa_ranked,abstain,,-@',@``:,False,False,no_consistent_vsa_program,"{""program_count"": 0, ""reason"": ""no_consistent_vsa_program"", ""status"": ""abstain""}"
cf4c04c0,equation_transform,v412_equation_vsa_ranked,abstain,,-[,@|#|,False,False,no_consistent_vsa_program,"{""program_count"": 0, ""reason"": ""no_consistent_vsa_program"", ""status"": ""abstain""}"
8e411cc7,equation_transform,v412_equation_vsa_ranked,abstain,,]]],$&&,False,False,no_consistent_vsa_program,"{""program_count"": 0, ""reason"": ""no_consistent_vsa_program"", ""status"": ""abstain""}"
892d73b5,bit_manipulation,v412_bit_lut_k123,abstain,,00010101,00010101,True,False,ambiguous_lut_prediction_bit_0,"{""accepted_counts"": [30], ""consistent_counts"": [51], ""reason"": ""ambiguous_lut_prediction_bit_0"", ""status"": ""abstain"", ""top_predictions"": [0, 1], ""top_score"": -8}"
41e6cbfc,equation_transform,v412_equation_vsa_ranked,candidate,9318,9318,9318,True,True,v412_vsa_ranked_unique_prediction,v412_symbolic_position_template:end1|end0|end4|end3=>9318@18; v412_symbolic_position_template:end1|end0|end4|start1=>9318@18; v412_symbolic_position_template:end1|end0|start0|end3=>9318@18; v412_symbolic_position_template:end1|end0|start0|start1=>9318@18; v412_symbolic_position_template:end1|start4|end4|end3=>9318@18
dea42835,equation_transform,v412_equation_vsa_ranked,abstain,,['[/,['[/,True,False,no_consistent_vsa_program,"{""program_count"": 0, ""reason"": ""no_consistent_vsa_program"", ""status"": ""abstain""}"
48c25e0e,equation_transform,v412_equation_vsa_ranked,abstain,,53,32,False,False,no_consistent_vsa_program,"{""program_count"": 0, ""reason"": ""no_consistent_vsa_program"", ""status"": ""abstain""}"
e6d2a064,bit_manipulation,v412_bit_lut_k123,abstain,,11100011,11100010,False,False,ambiguous_lut_prediction_bit_4,"{""accepted_counts"": [3, 2, 39, 2, 7], ""consistent_counts"": [26, 8, 92, 9, 12], ""reason"": ""ambiguous_lut_prediction_bit_4"", ""status"": ""abstain"", ""top_predictions"": [0, 1], ""top_score"": 12}"
a1d2bb0c,bit_manipulation,v412_bit_lut_k123,candidate,00100000,00100010,00100010,True,False,v412_lut_unique_or_top_consensus,"b0:LUT1(1,); b1:LUT1(2,); b2:LUT1(3,); b3:LUT1(4,); b4:LUT1(5,); b5:LUT2(0, 6); b6:LUT2(0, 2); b7:LUT1(2,)"
4e4fb429,bit_manipulation,v412_bit_lut_k123,abstain,,10111110,10111110,True,False,ambiguous_lut_prediction_bit_0,"{""accepted_counts"": [15], ""consistent_counts"": [16], ""reason"": ""ambiguous_lut_prediction_bit_0"", ""status"": ""abstain"", ""top_predictions"": [0, 1], ""top_score"": 6}"
7ef4d5d6,equation_transform,v412_equation_vsa_ranked,abstain,,>42,>42,True,False,no_consistent_vsa_program,"{""program_count"": 0, ""reason"": ""no_consistent_vsa_program"", ""status"": ""abstain""}"
3ee36e0a,equation_transform,v412_equation_vsa_ranked,abstain,,-51,-51,True,False,no_consistent_vsa_program,"{""program_count"": 0, ""reason"": ""no_consistent_vsa_program"", ""status"": ""abstain""}"
39c237c7,equation_transform,v412_equation_vsa_ranked,abstain,,{]``,{]``,True,False,no_consistent_vsa_program,"{""program_count"": 0, ""reason"": ""no_consistent_vsa_program"", ""status"": ""abstain""}"
963e85bb,equation_transform,v412_equation_vsa_ranked,abstain,,76,76,True,False,no_consistent_vsa_program,"{""program_count"": 0, ""reason"": ""no_consistent_vsa_program"", ""status"": ""abstain""}"
a98d4d53,equation_transform,v412_equation_vsa_ranked,abstain,,-),!$$[,False,False,no_consistent_vsa_program,"{""program_count"": 0, ""reason"": ""no_consistent_vsa_program"", ""status"": ""abstain""}"
0e70c867,bit_manipulation,v412_bit_lut_k123,abstain,,01000000,01001100,False,False,ambiguous_lut_prediction_bit_1,"{""accepted_counts"": [8, 22], ""consistent_counts"": [16, 33], ""reason"": ""ambiguous_lut_prediction_bit_1"", ""status"": ""abstain"", ""top_predictions"": [0, 1], ""top_score"": 12}"
59733f94,equation_transform,v412_equation_vsa_ranked,abstain,,/,$/>/,False,False,no_consistent_vsa_program,"{""program_count"": 0, ""reason"": ""no_consistent_vsa_program"", ""status"": ""abstain""}"
b1bc3731,equation_transform,v412_equation_vsa_ranked,candidate,"""523",63,63,True,False,v412_vsa_ranked_unique_prediction,"v412_symbolic_transducer:""->,)->,0->"",1->,2->,4->2,5->7,6->6,7->5,8->8=>""523@78; v412_symbolic_transducer:""->,)->,0->"",1->7,2->,4->2,5->,6->6,7->5,8->8=>""523@78; v412_symbolic_transducer:""->,)->,0->"",1->7,2->,4->2,5->6,6->,7->5,8->8=>""523@78; v412_symbolic_transducer:""->,)->6,0->"",1->7,2->,4->2,5->,6->,7->5,8->8=>""523@84; v412_symbolic_transducer:""->,)->7,0->"",1->,2->,4->2,5->,6->6,7->5,8->8=>""523@84"
54b895c1,bit_manipulation,v412_bit_lut_k123,abstain,,10111011,10111011,True,False,ambiguous_lut_prediction_bit_0,"{""accepted_counts"": [10], ""consistent_counts"": [15], ""reason"": ""ambiguous_lut_prediction_bit_0"", ""status"": ""abstain"", ""top_predictions"": [0, 1], ""top_score"": 6}"
ed24e7af,bit_manipulation,v412_bit_lut_k123,abstain,,00001001,00001001,True,False,ambiguous_lut_prediction_bit_7,"{""accepted_counts"": [16, 79, 79, 25, 26, 38, 22, 25], ""consistent_counts"": [29, 92, 92, 30, 29, 41, 29, 30], ""reason"": ""ambiguous_lut_prediction_bit_7"", ""status"": ""abstain"", ""top_predictions"": [0, 1], ""top_score"": -10}"
3cd80c64,bit_manipulation,v412_bit_lut_k123,abstain,,01100100,01100100,True,False,ambiguous_lut_prediction_bit_1,"{""accepted_counts"": [39, 10], ""consistent_counts"": [92, 37], ""reason"": ""ambiguous_lut_prediction_bit_1"", ""status"": ""abstain"", ""top_predictions"": [0, 1], ""top_score"": -4}"
a1523a63,equation_transform,v412_equation_vsa_ranked,abstain,,87,87,True,False,no_consistent_vsa_program,"{""program_count"": 0, ""reason"": ""no_consistent_vsa_program"", ""status"": ""abstain""}"
f2b23d11,bit_manipulation,v412_bit_lut_k123,abstain,,10000000,10000000,True,False,ambiguous_lut_prediction_bit_0,"{""accepted_counts"": [23], ""consistent_counts"": [33], ""reason"": ""ambiguous_lut_prediction_bit_0"", ""status"": ""abstain"", ""top_predictions"": [0, 1], ""top_score"": 6}"
5cbe919f,bit_manipulation,v412_bit_lut_k123,abstain,,00000000,00000000,True,False,ambiguous_lut_prediction_bit_4,"{""accepted_counts"": [62, 62, 62, 62, 23], ""consistent_counts"": [92, 92, 92, 92, 35], ""reason"": ""ambiguous_lut_prediction_bit_4"", ""status"": ""abstain"", ""top_predictions"": [0, 1], ""top_score"": 8}"
3383d4ec,equation_transform,v412_equation_vsa_ranked,abstain,,66,66,True,False,no_consistent_vsa_program,"{""program_count"": 0, ""reason"": ""no_consistent_vsa_program"", ""status"": ""abstain""}"
9dae880f,equation_transform,v412_equation_vsa_ranked,abstain,,))[,:<`\,False,False,no_consistent_vsa_program,"{""program_count"": 0, ""reason"": ""no_consistent_vsa_program"", ""status"": ""abstain""}"
b43d9cd5,bit_manipulation,v412_bit_lut_k123,abstain,,11100100,11100100,True,False,ambiguous_lut_prediction_bit_2,"{""accepted_counts"": [9, 15, 24], ""consistent_counts"": [29, 31, 54], ""reason"": ""ambiguous_lut_prediction_bit_2"", ""status"": ""abstain"", ""top_predictions"": [0, 1], ""top_score"": -4}"
64890e18,bit_manipulation,v412_bit_lut_k123,abstain,,00001100,00001100,True,False,ambiguous_lut_prediction_bit_4,"{""accepted_counts"": [17, 8, 6, 15, 4], ""consistent_counts"": [40, 30, 29, 35, 9], ""reason"": ""ambiguous_lut_prediction_bit_4"", ""status"": ""abstain"", ""top_predictions"": [0, 1], ""top_score"": 8}"
d6187157,bit_manipulation,v412_bit_lut_k123,abstain,,01001000,01001000,True,False,ambiguous_lut_prediction_bit_0,"{""accepted_counts"": [31], ""consistent_counts"": [38], ""reason"": ""ambiguous_lut_prediction_bit_0"", ""status"": ""abstain"", ""top_predictions"": [0, 1], ""top_score"": -4}"
de91def4,bit_manipulation,v412_bit_lut_k123,abstain,,10000111,10000111,True,False,ambiguous_lut_prediction_bit_5,"{""accepted_counts"": [25, 74, 74, 74, 74, 29], ""consistent_counts"": [29, 92, 92, 92, 92, 35], ""reason"": ""ambiguous_lut_prediction_bit_5"", ""status"": ""abstain"", ""top_predictions"": [0, 1], ""top_score"": -6}"
2af7134e,equation_transform,v412_equation_vsa_ranked,abstain,,20,20,True,False,no_consistent_vsa_program,"{""program_count"": 2, ""reason"": ""no_consistent_vsa_program"", ""status"": ""abstain""}"
ae6be599,equation_transform,v412_equation_vsa_ranked,abstain,,#`,$?]$,False,False,no_consistent_vsa_program,"{""program_count"": 0, ""reason"": ""no_consistent_vsa_program"", ""status"": ""abstain""}"
b26d8818,equation_transform,v412_equation_vsa_ranked,abstain,,5983,5983,True,False,no_consistent_vsa_program,"{""program_count"": 0, ""reason"": ""no_consistent_vsa_program"", ""status"": ""abstain""}"
8494aad3,equation_transform,v412_equation_vsa_ranked,abstain,,"""`#&","])<""",False,False,no_consistent_vsa_program,"{""program_count"": 0, ""reason"": ""no_consistent_vsa_program"", ""status"": ""abstain""}"
8df3daad,equation_transform,v412_equation_vsa_ranked,candidate,4511,34,34,True,False,v412_vsa_ranked_unique_prediction,v412_symbolic_position_template:end4|end3|end1|end0=>4511@24; v412_symbolic_position_template:end4|end3|end1|start4=>4511@24; v412_symbolic_position_template:end4|end3|start3|end0=>4511@24; v412_symbolic_position_template:end4|end3|start3|start4=>4511@24; v412_symbolic_position_template:end4|start1|end1|end0=>4511@24
791056ce,equation_transform,v412_equation_vsa_ranked,abstain,,4922,4922,True,False,no_consistent_vsa_program,"{""program_count"": 0, ""reason"": ""no_consistent_vsa_program"", ""status"": ""abstain""}"
29e458d6,bit_manipulation,v412_bit_lut_k123,abstain,,00010010,00010010,True,False,ambiguous_lut_prediction_bit_0,"{""accepted_counts"": [7], ""consistent_counts"": [9], ""reason"": ""ambiguous_lut_prediction_bit_0"", ""status"": ""abstain"", ""top_predictions"": [0, 1], ""top_score"": 4}"
3c12aeb9,equation_transform,v412_equation_vsa_ranked,abstain,,321,321,True,False,no_consistent_vsa_program,"{""program_count"": 3, ""reason"": ""no_consistent_vsa_program"", ""status"": ""abstain""}"
69aa57b3,equation_transform,v412_equation_vsa_ranked,abstain,,4472,4472,True,False,no_consistent_vsa_program,"{""program_count"": 0, ""reason"": ""no_consistent_vsa_program"", ""status"": ""abstain""}"
e3890bf7,equation_transform,v412_equation_vsa_ranked,abstain,,{@%],(^@{,False,False,no_consistent_vsa_program,"{""program_count"": 0, ""reason"": ""no_consistent_vsa_program"", ""status"": ""abstain""}"
d204b9cc,equation_transform,v412_equation_vsa_ranked,abstain,,231,231,True,False,no_consistent_vsa_program,"{""program_count"": 0, ""reason"": ""no_consistent_vsa_program"", ""status"": ""abstain""}"
7a79ac09,bit_manipulation,v412_bit_lut_k123,abstain,,11111111,11111111,True,False,ambiguous_lut_prediction_bit_0,"{""accepted_counts"": [17], ""consistent_counts"": [30], ""reason"": ""ambiguous_lut_prediction_bit_0"", ""status"": ""abstain"", ""top_predictions"": [0, 1], ""top_score"": -6}"
d29e19a4,equation_transform,v412_equation_vsa_ranked,abstain,,?|,|''>,False,False,no_consistent_vsa_program,"{""program_count"": 0, ""reason"": ""no_consistent_vsa_program"", ""status"": ""abstain""}"
b06625c4,equation_transform,v412_equation_vsa_ranked,abstain,,^&/,"""$ $]""",False,False,no_consistent_vsa_program,"{""program_count"": 0, ""reason"": ""no_consistent_vsa_program"", ""status"": ""abstain""}"
84030b0b,equation_transform,v412_equation_vsa_ranked,abstain,,24,24,True,False,no_consistent_vsa_program,"{""program_count"": 0, ""reason"": ""no_consistent_vsa_program"", ""status"": ""abstain""}"
3a67aa26,bit_manipulation,v412_bit_lut_k123,abstain,,00101110,00101110,True,False,ambiguous_lut_prediction_bit_3,"{""accepted_counts"": [9, 7, 10, 30], ""consistent_counts"": [10, 8, 11, 37], ""reason"": ""ambiguous_lut_prediction_bit_3"", ""status"": ""abstain"", ""top_predictions"": [0, 1], ""top_score"": 2}"
710cf035,bit_manipulation,v412_bit_lut_k123,abstain,,10000011,10000011,True,False,ambiguous_lut_prediction_bit_1,"{""accepted_counts"": [26, 20], ""consistent_counts"": [29, 31], ""reason"": ""ambiguous_lut_prediction_bit_1"", ""status"": ""abstain"", ""top_predictions"": [0, 1], ""top_score"": -10}"
52be4988,equation_transform,v412_equation_vsa_ranked,abstain,,'!,&&&`,False,False,no_consistent_vsa_program,"{""program_count"": 0, ""reason"": ""no_consistent_vsa_program"", ""status"": ""abstain""}"
b8722d19,bit_manipulation,v412_bit_lut_k123,abstain,,00100100,11110100,False,False,ambiguous_lut_prediction_bit_0,"{""accepted_counts"": [22], ""consistent_counts"": [35], ""reason"": ""ambiguous_lut_prediction_bit_0"", ""status"": ""abstain"", ""top_predictions"": [0, 1], ""top_score"": -4}"
99d6a3b5,equation_transform,v412_equation_vsa_ranked,abstain,,?()<,(<)),False,False,no_consistent_vsa_program,"{""program_count"": 0, ""reason"": ""no_consistent_vsa_program"", ""status"": ""abstain""}"
2d3547af,equation_transform,v412_equation_vsa_ranked,abstain,,))^),\${,False,False,no_consistent_vsa_program,"{""program_count"": 0, ""reason"": ""no_consistent_vsa_program"", ""status"": ""abstain""}"
8c9fcc6b,bit_manipulation,v412_bit_lut_k123,abstain,,11110111,11110111,True,False,ambiguous_lut_prediction_bit_0,"{""accepted_counts"": [20], ""consistent_counts"": [31], ""reason"": ""ambiguous_lut_prediction_bit_0"", ""status"": ""abstain"", ""top_predictions"": [0, 1], ""top_score"": -6}"
28b0ff48,equation_transform,v412_equation_vsa_ranked,abstain,,'],|^^^,False,False,no_consistent_vsa_program,"{""program_count"": 0, ""reason"": ""no_consistent_vsa_program"", ""status"": ""abstain""}"
3fa49035,equation_transform,v412_equation_vsa_ranked,abstain,,696,696,True,False,no_consistent_vsa_program,"{""program_count"": 0, ""reason"": ""no_consistent_vsa_program"", ""status"": ""abstain""}"
61557701,equation_transform,v412_equation_vsa_ranked,abstain,,|&,'{),False,False,no_consistent_vsa_program,"{""program_count"": 0, ""reason"": ""no_consistent_vsa_program"", ""status"": ""abstain""}"
8c0f9291,bit_manipulation,v412_bit_lut_k123,candidate,00001111,00001111,00001111,True,True,v412_lut_unique_or_top_consensus,"b0:LUT2(1, 4); b1:LUT2(2, 5); b2:LUT2(3, 6); b3:LUT2(4, 7); b4:LUT2(0, 5); b5:LUT1(0,)|LUT1(1,)|LUT1(2,)|LUT1(3,)|LUT1(4,); b6:LUT2(2, 7); b7:LUT1(0,)|LUT1(1,)|LUT1(2,)|LUT1(3,)|LUT1(4,)"
d6e6f8b5,bit_manipulation,v412_bit_lut_k123,abstain,,11100001,11100001,True,False,ambiguous_lut_prediction_bit_2,"{""accepted_counts"": [26, 22, 28], ""consistent_counts"": [29, 29, 38], ""reason"": ""ambiguous_lut_prediction_bit_2"", ""status"": ""abstain"", ""top_predictions"": [0, 1], ""top_score"": -10}"
3a90fdf6,bit_manipulation,v412_bit_lut_k123,abstain,,10100000,10100000,True,False,ambiguous_lut_prediction_bit_2,"{""accepted_counts"": [64, 25, 12], ""consistent_counts"": [92, 33, 16], ""reason"": ""ambiguous_lut_prediction_bit_2"", ""status"": ""abstain"", ""top_predictions"": [0, 1], ""top_score"": 2}"
56343b77,equation_transform,v412_equation_vsa_ranked,abstain,,711,711,True,False,no_consistent_vsa_program,"{""program_count"": 0, ""reason"": ""no_consistent_vsa_program"", ""status"": ""abstain""}"
08df5363,bit_manipulation,v412_bit_lut_k123,abstain,,01011100,01011100,True,False,ambiguous_lut_prediction_bit_0,"{""accepted_counts"": [11], ""consistent_counts"": [21], ""reason"": ""ambiguous_lut_prediction_bit_0"", ""status"": ""abstain"", ""top_predictions"": [0, 1], ""top_score"": 4}"
d50746e7,bit_manipulation,v412_bit_lut_k123,abstain,,01000010,01000010,True,False,ambiguous_lut_prediction_bit_0,"{""accepted_counts"": [10], ""consistent_counts"": [12], ""reason"": ""ambiguous_lut_prediction_bit_0"", ""status"": ""abstain"", ""top_predictions"": [0, 1], ""top_score"": 6}"
2facfaa4,bit_manipulation,v412_bit_lut_k123,abstain,,00111110,00111110,True,False,ambiguous_lut_prediction_bit_1,"{""accepted_counts"": [29, 40], ""consistent_counts"": [29, 42], ""reason"": ""ambiguous_lut_prediction_bit_1"", ""status"": ""abstain"", ""top_predictions"": [0, 1], ""top_score"": -4}"
7ac90433,equation_transform,v412_equation_vsa_ranked,candidate,23,-23,-23,True,False,v412_vsa_ranked_unique_prediction,v412_numeric_vsa:same_op:rev_sub_ab:revop=0:revres=1=>23@56; v412_numeric_vsa:all_ops:rev_sub_ab:revop=0:revres=1=>23@61
8abcff0f,bit_manipulation,v412_bit_lut_k123,abstain,,11110111,11110111,True,False,ambiguous_lut_prediction_bit_4,"{""accepted_counts"": [18, 22, 18, 23, 20], ""consistent_counts"": [29, 30, 29, 29, 36], ""reason"": ""ambiguous_lut_prediction_bit_4"", ""status"": ""abstain"", ""top_predictions"": [0, 1], ""top_score"": -10}"
02902eb3,equation_transform,v412_equation_vsa_ranked,abstain,,>/,!!$>,False,False,no_consistent_vsa_program,"{""program_count"": 0, ""reason"": ""no_consistent_vsa_program"", ""status"": ""abstain""}"
ddc5aefe,bit_manipulation,v412_bit_lut_k123,abstain,,00000001,00000001,True,False,ambiguous_lut_prediction_bit_0,"{""accepted_counts"": [9], ""consistent_counts"": [20], ""reason"": ""ambiguous_lut_prediction_bit_0"", ""status"": ""abstain"", ""top_predictions"": [0, 1], ""top_score"": 22}"
0d90736f,equation_transform,v412_equation_vsa_ranked,abstain,,:,::)[,False,False,no_consistent_vsa_program,"{""program_count"": 0, ""reason"": ""no_consistent_vsa_program"", ""status"": ""abstain""}"
294453b5,equation_transform,v412_equation_vsa_ranked,abstain,,&(,##!),False,False,no_consistent_vsa_program,"{""program_count"": 0, ""reason"": ""no_consistent_vsa_program"", ""status"": ""abstain""}"
75ecd32c,bit_manipulation,v412_bit_lut_k123,abstain,,11100011,11100011,True,False,ambiguous_lut_prediction_bit_2,"{""accepted_counts"": [22, 22, 23], ""consistent_counts"": [29, 29, 30], ""reason"": ""ambiguous_lut_prediction_bit_2"", ""status"": ""abstain"", ""top_predictions"": [0, 1], ""top_score"": -10}"
12e0ac8c,bit_manipulation,v412_bit_lut_k123,abstain,,10101001,10101001,True,False,ambiguous_lut_prediction_bit_1,"{""accepted_counts"": [6, 20], ""consistent_counts"": [7, 22], ""reason"": ""ambiguous_lut_prediction_bit_1"", ""status"": ""abstain"", ""top_predictions"": [0, 1], ""top_score"": 0}"
386b6d03,equation_transform,v412_equation_vsa_ranked,abstain,,671,18,False,False,no_consistent_vsa_program,"{""program_count"": 0, ""reason"": ""no_consistent_vsa_program"", ""status"": ""abstain""}"
2ead53dc,bit_manipulation,v412_bit_lut_k123,abstain,,00000101,00000101,True,False,ambiguous_lut_prediction_bit_4,"{""accepted_counts"": [65, 65, 65, 65, 13], ""consistent_counts"": [92, 92, 92, 92, 34], ""reason"": ""ambiguous_lut_prediction_bit_4"", ""status"": ""abstain"", ""top_predictions"": [0, 1], ""top_score"": -8}"
57f6878e,equation_transform,v412_equation_vsa_ranked,abstain,,%{{,|@(!,False,False,no_consistent_vsa_program,"{""program_count"": 0, ""reason"": ""no_consistent_vsa_program"", ""status"": ""abstain""}"
05ca617c,bit_manipulation,v412_bit_lut_k123,abstain,,11011011,01011011,False,False,ambiguous_lut_prediction_bit_2,"{""accepted_counts"": [1, 9, 21], ""consistent_counts"": [14, 15, 38], ""reason"": ""ambiguous_lut_prediction_bit_2"", ""status"": ""abstain"", ""top_predictions"": [0, 1], ""top_score"": 8}"
6890870d,bit_manipulation,v412_bit_lut_k123,abstain,,01110000,01110000,True,False,ambiguous_lut_prediction_bit_1,"{""accepted_counts"": [18, 16], ""consistent_counts"": [29, 32], ""reason"": ""ambiguous_lut_prediction_bit_1"", ""status"": ""abstain"", ""top_predictions"": [0, 1], ""top_score"": -8}"
1c566511,bit_manipulation,v412_bit_lut_k123,abstain,,01010010,01010010,True,False,ambiguous_lut_prediction_bit_2,"{""accepted_counts"": [7, 7, 29], ""consistent_counts"": [7, 8, 31], ""reason"": ""ambiguous_lut_prediction_bit_2"", ""status"": ""abstain"", ""top_predictions"": [0, 1], ""top_score"": -10}"
bc83b0a1,equation_transform,v412_equation_vsa_ranked,abstain,,(/&{,(/&{,True,False,no_consistent_vsa_program,"{""program_count"": 0, ""reason"": ""no_consistent_vsa_program"", ""status"": ""abstain""}"
a361a1b7,equation_transform,v412_equation_vsa_ranked,abstain,,:46,46,False,False,no_consistent_vsa_program,"{""program_count"": 0, ""reason"": ""no_consistent_vsa_program"", ""status"": ""abstain""}"
d911e8e1,equation_transform,v412_equation_vsa_ranked,abstain,,:\:,@}<',False,False,no_consistent_vsa_program,"{""program_count"": 0, ""reason"": ""no_consistent_vsa_program"", ""status"": ""abstain""}"
4353cd0b,bit_manipulation,v412_bit_lut_k123,abstain,,00100001,00100001,True,False,ambiguous_lut_prediction_bit_0,"{""accepted_counts"": [30], ""consistent_counts"": [34], ""reason"": ""ambiguous_lut_prediction_bit_0"", ""status"": ""abstain"", ""top_predictions"": [0, 1], ""top_score"": -4}"
7688e06e,equation_transform,v412_equation_vsa_ranked,candidate,55,-55,55,False,False,v412_vsa_ranked_unique_prediction,v412_numeric_vsa:same_op:rev_abs_diff:revop=0:revres=1=>55@44; v412_numeric_vsa:all_ops:rev_abs_diff:revop=0:revres=1=>55@49; v412_numeric_vsa:same_op:rev_sub_ab:revop=0:revres=1=>-55@87; v412_numeric_vsa:all_ops:rev_sub_ab:revop=0:revres=1=>-55@92
30ba0cf4,bit_manipulation,v412_bit_lut_k123,abstain,,01101101,01101101,True,False,ambiguous_lut_prediction_bit_0,"{""accepted_counts"": [15], ""consistent_counts"": [38], ""reason"": ""ambiguous_lut_prediction_bit_0"", ""status"": ""abstain"", ""top_predictions"": [0, 1], ""top_score"": -6}"
dbd0e3c9,equation_transform,v412_equation_vsa_ranked,abstain,,5631,5631,True,False,no_consistent_vsa_program,"{""program_count"": 2, ""reason"": ""no_consistent_vsa_program"", ""status"": ""abstain""}"
8fbd2477,bit_manipulation,v412_bit_lut_k123,abstain,,01011010,01011010,True,False,ambiguous_lut_prediction_bit_2,"{""accepted_counts"": [4, 9, 9], ""consistent_counts"": [11, 10, 10], ""reason"": ""ambiguous_lut_prediction_bit_2"", ""status"": ""abstain"", ""top_predictions"": [0, 1], ""top_score"": 4}"
ba61b815,bit_manipulation,v412_bit_lut_k123,abstain,,00001101,00001101,True,False,ambiguous_lut_prediction_bit_4,"{""accepted_counts"": [20, 69, 69, 69, 16], ""consistent_counts"": [31, 92, 92, 92, 33], ""reason"": ""ambiguous_lut_prediction_bit_4"", ""status"": ""abstain"", ""top_predictions"": [0, 1], ""top_score"": -6}"
2e2d60b2,equation_transform,v412_equation_vsa_ranked,abstain,,07,07,True,False,no_consistent_vsa_program,"{""program_count"": 0, ""reason"": ""no_consistent_vsa_program"", ""status"": ""abstain""}"
5f9f0ed7,equation_transform,v412_equation_vsa_ranked,abstain,,}/!},|!@[,False,False,no_consistent_vsa_program,"{""program_count"": 0, ""reason"": ""no_consistent_vsa_program"", ""status"": ""abstain""}"
333d93ec,equation_transform,v412_equation_vsa_ranked,abstain,,7,7,True,False,no_consistent_vsa_program,"{""program_count"": 2, ""reason"": ""no_consistent_vsa_program"", ""status"": ""abstain""}"
74fff108,equation_transform,v412_equation_vsa_ranked,abstain,,49,49,True,False,no_consistent_vsa_program,"{""program_count"": 0, ""reason"": ""no_consistent_vsa_program"", ""status"": ""abstain""}"
c43b5a13,equation_transform,v412_equation_vsa_ranked,abstain,,)|,$):$,False,False,ambiguous_near_top_vsa_predictions,"{""near_predictions"": [""{<"", ""{|""], ""program_count"": 16, ""ranked_count"": 16, ""reason"": ""ambiguous_near_top_vsa_predictions"", ""status"": ""abstain"", ""top_programs"": [{""ood"": 8, ""prediction"": ""{<"", ""probe_count"": 22, ""program_name"": ""$->,&->,(->|,)->{,+->,-->{,/->|,:-><,<->,{->,|->"", ""rule_class"": ""v412_symbolic_transducer"", ""score"": 105, ""undefined"": 0}, {""ood"": 8, ""prediction"": ""{|"", ""probe_count"": 22, ""program_name"": ""$->,&->{,(->,)->{,+->|,-->|,/->,:->,<-><,{->,|->"", ""rule_class"": ""v412_symbolic_transducer"", ""score"": 105, ""undefined"": 0}, {""ood"": 8, ""prediction"": ""{<"", ""probe_count"": 22, ""program_name"": ""$->,&->{,(->|,)->{,+->,-->,/->|,:-><,<->,{->,|->"", ""rule_class"": ""v412_symbolic_transduce"
b0206bb7,equation_transform,v412_equation_vsa_ranked,abstain,,]$!,$){,False,False,no_consistent_vsa_program,"{""program_count"": 0, ""reason"": ""no_consistent_vsa_program"", ""status"": ""abstain""}"
638f93ca,equation_transform,v412_equation_vsa_ranked,abstain,,@,$]<$,False,False,no_consistent_vsa_program,"{""program_count"": 0, ""reason"": ""no_consistent_vsa_program"", ""status"": ""abstain""}"
5b9964c7,bit_manipulation,v412_bit_lut_k123,abstain,,00011011,00011011,True,False,ambiguous_lut_prediction_bit_1,"{""accepted_counts"": [18, 21], ""consistent_counts"": [32, 51], ""reason"": ""ambiguous_lut_prediction_bit_1"", ""status"": ""abstain"", ""top_predictions"": [0, 1], ""top_score"": -2}"
a6f7139f,bit_manipulation,v412_bit_lut_k123,abstain,,11000000,11000000,True,False,ambiguous_lut_prediction_bit_0,"{""accepted_counts"": [27], ""consistent_counts"": [42], ""reason"": ""ambiguous_lut_prediction_bit_0"", ""status"": ""abstain"", ""top_predictions"": [0, 1], ""top_score"": -4}"
b2fb65cf,bit_manipulation,v412_bit_lut_k123,abstain,,11000011,11000011,True,False,ambiguous_lut_prediction_bit_1,"{""accepted_counts"": [7, 9], ""consistent_counts"": [8, 11], ""reason"": ""ambiguous_lut_prediction_bit_1"", ""status"": ""abstain"", ""top_predictions"": [0, 1], ""top_score"": 4}"
4bfd095a,equation_transform,v412_equation_vsa_ranked,abstain,,{<<<,@/[@,False,False,no_consistent_vsa_program,"{""program_count"": 0, ""reason"": ""no_consistent_vsa_program"", ""status"": ""abstain""}"
7a422e17,equation_transform,v412_equation_vsa_ranked,abstain,,%'!,"#`""",False,False,no_consistent_vsa_program,"{""program_count"": 0, ""reason"": ""no_consistent_vsa_program"", ""status"": ""abstain""}"
7192535b,bit_manipulation,v412_bit_lut_k123,abstain,,00000010,00001010,False,False,ambiguous_lut_prediction_bit_4,"{""accepted_counts"": [29, 41, 41, 6, 19], ""consistent_counts"": [31, 44, 44, 13, 32], ""reason"": ""ambiguous_lut_prediction_bit_4"", ""status"": ""abstain"", ""top_predictions"": [0, 1], ""top_score"": -8}"
5b2523e6,equation_transform,v412_equation_vsa_ranked,abstain,,&&,><\$,False,False,no_consistent_vsa_program,"{""program_count"": 0, ""reason"": ""no_consistent_vsa_program"", ""status"": ""abstain""}"
dbb611da,bit_manipulation,v412_bit_lut_k123,abstain,,00000001,00000001,True,False,ambiguous_lut_prediction_bit_5,"{""accepted_counts"": [4, 68, 68, 68, 68, 26], ""consistent_counts"": [7, 92, 92, 92, 92, 32], ""reason"": ""ambiguous_lut_prediction_bit_5"", ""status"": ""abstain"", ""top_predictions"": [0, 1], ""top_score"": -8}"
0fe53bac,equation_transform,v412_equation_vsa_ranked,abstain,,"(""",^?(|,False,False,no_consistent_vsa_program,"{""program_count"": 0, ""reason"": ""no_consistent_vsa_program"", ""status"": ""abstain""}"
07ceed47,bit_manipulation,v412_bit_lut_k123,candidate,10000101,10000101,10000101,True,True,v412_lut_unique_or_top_consensus,"b0:LUT1(7,); b1:LUT1(2,)|LUT1(3,)|LUT1(4,)|LUT1(5,)|LUT1(7,); b2:LUT1(2,)|LUT1(3,)|LUT1(4,)|LUT1(5,)|LUT1(7,); b3:LUT1(0,); b4:LUT1(1,); b5:LUT1(2,); b6:LUT1(3,); b7:LUT1(4,)"
274def88,equation_transform,v412_equation_vsa_ranked,abstain,,92,-92,False,False,no_consistent_vsa_program,"{""program_count"": 1, ""reason"": ""no_consistent_vsa_program"", ""status"": ""abstain""}"
7aa4fdf0,bit_manipulation,v412_bit_lut_k123,abstain,,00000001,00000001,True,False,ambiguous_lut_prediction_bit_2,"{""accepted_counts"": [25, 6, 20], ""consistent_counts"": [38, 10, 36], ""reason"": ""ambiguous_lut_prediction_bit_2"", ""status"": ""abstain"", ""top_predictions"": [0, 1], ""top_score"": 4}"
03a3437f,equation_transform,v412_equation_vsa_ranked,abstain,,-!,'}>/,False,False,no_consistent_vsa_program,"{""program_count"": 0, ""reason"": ""no_consistent_vsa_program"", ""status"": ""abstain""}"
f2014638,bit_manipulation,v412_bit_lut_k123,abstain,,10011010,10011010,True,False,ambiguous_lut_prediction_bit_4,"{""accepted_counts"": [32, 22, 21, 28, 26], ""consistent_counts"": [33, 29, 35, 38, 32], ""reason"": ""ambiguous_lut_prediction_bit_4"", ""status"": ""abstain"", ""top_predictions"": [0, 1], ""top_score"": -8}"
a8ea0e29,bit_manipulation,v412_bit_lut_k123,candidate,00000000,00000000,00000000,True,True,v412_lut_unique_or_top_consensus,"b0:LUT1(7,); b1:LUT1(0,)|LUT1(1,)|LUT1(2,)|LUT1(4,)|LUT1(5,); b2:LUT1(0,)|LUT1(1,)|LUT1(2,)|LUT1(4,)|LUT1(5,); b3:LUT1(0,)|LUT1(1,)|LUT1(2,)|LUT1(4,)|LUT1(5,); b4:LUT1(0,)|LUT1(1,)|LUT1(2,)|LUT1(4,)|LUT1(5,); b5:LUT1(0,)|LUT1(1,)|LUT1(2,)|LUT1(4,)|LUT1(5,); b6:LUT1(0,)|LUT1(1,)|LUT1(2,)|LUT1(4,)|LUT1(5,); b7:LUT1(0,)|LUT1(1,)|LUT1(2,)|LUT1(4,)|LUT1(5,)"
30ac5c8e,equation_transform,v412_equation_vsa_ranked,abstain,,)#?,@\}?,False,False,no_consistent_vsa_program,"{""program_count"": 0, ""reason"": ""no_consistent_vsa_program"", ""status"": ""abstain""}"
3cfc5f9c,bit_manipulation,v412_bit_lut_k123,candidate,00010111,01110111,01110111,True,False,v412_lut_unique_or_top_consensus,"b0:LUT2(1, 4)|LUT2(3, 4)|LUT2(4, 6); b1:LUT2(1, 4)|LUT2(3, 4)|LUT2(4, 6); b2:LUT2(3, 6); b3:LUT2(6, 7); b4:LUT1(7,); b5:LUT1(0,)|LUT1(1,)|LUT1(2,)|LUT1(3,)|LUT1(4,); b6:LUT1(0,)|LUT1(1,)|LUT1(2,)|LUT1(3,)|LUT1(4,); b7:LUT1(0,)|LUT1(1,)|LUT1(2,)|LUT1(3,)|LUT1(4,)"
08d8d7e1,equation_transform,v412_equation_vsa_ranked,abstain,,88,88,True,False,no_consistent_vsa_program,"{""program_count"": 1, ""reason"": ""no_consistent_vsa_program"", ""status"": ""abstain""}"
ff121f08,equation_transform,v412_equation_vsa_ranked,abstain,,#<,!%<<,False,False,no_consistent_vsa_program,"{""program_count"": 0, ""reason"": ""no_consistent_vsa_program"", ""status"": ""abstain""}"
114a7439,bit_manipulation,v412_bit_lut_k123,abstain,,01110001,01110001,True,False,ambiguous_lut_prediction_bit_0,"{""accepted_counts"": [29], ""consistent_counts"": [42], ""reason"": ""ambiguous_lut_prediction_bit_0"", ""status"": ""abstain"", ""top_predictions"": [0, 1], ""top_score"": -4}"
343095d3,bit_manipulation,v412_bit_lut_k123,abstain,,01010100,01010100,True,False,ambiguous_lut_prediction_bit_1,"{""accepted_counts"": [8, 9], ""consistent_counts"": [10, 12], ""reason"": ""ambiguous_lut_prediction_bit_1"", ""status"": ""abstain"", ""top_predictions"": [0, 1], ""top_score"": 2}"
a4dd4cce,bit_manipulation,v412_bit_lut_k123,abstain,,10110010,10110010,True,False,ambiguous_lut_prediction_bit_3,"{""accepted_counts"": [29, 25, 24, 20], ""consistent_counts"": [36, 29, 29, 37], ""reason"": ""ambiguous_lut_prediction_bit_3"", ""status"": ""abstain"", ""top_predictions"": [0, 1], ""top_score"": -6}"
6b11c05f,bit_manipulation,v412_bit_lut_k123,abstain,,00100010,00100010,True,False,ambiguous_lut_prediction_bit_1,"{""accepted_counts"": [6, 28], ""consistent_counts"": [8, 46], ""reason"": ""ambiguous_lut_prediction_bit_1"", ""status"": ""abstain"", ""top_predictions"": [0, 1], ""top_score"": -2}"
42cb233d,equation_transform,v412_equation_vsa_ranked,abstain,,881,881,True,False,no_consistent_vsa_program,"{""program_count"": 0, ""reason"": ""no_consistent_vsa_program"", ""status"": ""abstain""}"
ec8b4875,equation_transform,v412_equation_vsa_ranked,abstain,,"|""]",|@<!,False,False,no_consistent_vsa_program,"{""program_count"": 0, ""reason"": ""no_consistent_vsa_program"", ""status"": ""abstain""}"
e3fbc768,equation_transform,v412_equation_vsa_ranked,abstain,,'(^),{%??,False,False,no_consistent_vsa_program,"{""program_count"": 0, ""reason"": ""no_consistent_vsa_program"", ""status"": ""abstain""}"
6cc5dafb,equation_transform,v412_equation_vsa_ranked,abstain,,)(,^&>),False,False,no_consistent_vsa_program,"{""program_count"": 0, ""reason"": ""no_consistent_vsa_program"", ""status"": ""abstain""}"
d5a03a2e,equation_transform,v412_equation_vsa_ranked,abstain,,>>,""")&&",False,False,no_consistent_vsa_program,"{""program_count"": 0, ""reason"": ""no_consistent_vsa_program"", ""status"": ""abstain""}"
eea91b82,bit_manipulation,v412_bit_lut_k123,candidate,00101110,00101111,00101111,True,False,v412_lut_unique_or_top_consensus,"b0:LUT2(3, 6); b1:LUT2(4, 7); b2:LUT2(0, 5); b3:LUT2(4, 7); b4:LUT2(2, 7); b5:LUT2(0, 3)|LUT2(0, 6)|LUT2(3, 4)|LUT2(4, 6)|LUT2(4, 7); b6:LUT1(4,); b7:LUT1(5,)"
4736daab,bit_manipulation,v412_bit_lut_k123,abstain,,01000111,01000111,True,False,ambiguous_lut_prediction_bit_0,"{""accepted_counts"": [16], ""consistent_counts"": [32], ""reason"": ""ambiguous_lut_prediction_bit_0"", ""status"": ""abstain"", ""top_predictions"": [0, 1], ""top_score"": -8}"
8bebef83,equation_transform,v412_equation_vsa_ranked,abstain,,3388,3388,True,False,no_consistent_vsa_program,"{""program_count"": 2, ""reason"": ""no_consistent_vsa_program"", ""status"": ""abstain""}"
efc2b69d,bit_manipulation,v412_bit_lut_k123,abstain,,10111100,10111100,True,False,ambiguous_lut_prediction_bit_0,"{""accepted_counts"": [31], ""consistent_counts"": [45], ""reason"": ""ambiguous_lut_prediction_bit_0"", ""status"": ""abstain"", ""top_predictions"": [0, 1], ""top_score"": -4}"
a794d193,bit_manipulation,v412_bit_lut_k123,abstain,,01011101,01011101,True,False,ambiguous_lut_prediction_bit_0,"{""accepted_counts"": [21], ""consistent_counts"": [33], ""reason"": ""ambiguous_lut_prediction_bit_0"", ""status"": ""abstain"", ""top_predictions"": [0, 1], ""top_score"": -6}"
0f7ddd75,bit_manipulation,v412_bit_lut_k123,abstain,,11110110,11110110,True,False,ambiguous_lut_prediction_bit_0,"{""accepted_counts"": [15], ""consistent_counts"": [15], ""reason"": ""ambiguous_lut_prediction_bit_0"", ""status"": ""abstain"", ""top_predictions"": [0, 1], ""top_score"": 2}"
27cec7a9,equation_transform,v412_equation_vsa_ranked,abstain,,3341,3341,True,False,no_consistent_vsa_program,"{""program_count"": 1, ""reason"": ""no_consistent_vsa_program"", ""status"": ""abstain""}"
a6704625,bit_manipulation,v412_bit_lut_k123,abstain,,00001101,00011111,False,False,ambiguous_lut_prediction_bit_0,"{""accepted_counts"": [11], ""consistent_counts"": [11], ""reason"": ""ambiguous_lut_prediction_bit_0"", ""status"": ""abstain"", ""top_predictions"": [0, 1], ""top_score"": 0}"
d117113e,bit_manipulation,v412_bit_lut_k123,abstain,,00000000,00000000,True,False,ambiguous_lut_prediction_bit_2,"{""accepted_counts"": [52, 52, 11], ""consistent_counts"": [92, 92, 43], ""reason"": ""ambiguous_lut_prediction_bit_2"", ""status"": ""abstain"", ""top_predictions"": [0, 1], ""top_score"": -4}"
4aeed935,equation_transform,v412_equation_vsa_ranked,abstain,,1455,1455,True,False,no_consistent_vsa_program,"{""program_count"": 0, ""reason"": ""no_consistent_vsa_program"", ""status"": ""abstain""}"
6f7a9048,bit_manipulation,v412_bit_lut_k123,abstain,,00101000,00101000,True,False,ambiguous_lut_prediction_bit_0,"{""accepted_counts"": [16], ""consistent_counts"": [30], ""reason"": ""ambiguous_lut_prediction_bit_0"", ""status"": ""abstain"", ""top_predictions"": [0, 1], ""top_score"": -10}"
8740ed31,bit_manipulation,v412_bit_lut_k123,abstain,,01101000,01101000,True,False,ambiguous_lut_prediction_bit_0,"{""accepted_counts"": [10], ""consistent_counts"": [17], ""reason"": ""ambiguous_lut_prediction_bit_0"", ""status"": ""abstain"", ""top_predictions"": [0, 1], ""top_score"": 10}"
fb623471,equation_transform,v412_equation_vsa_ranked,abstain,,-21,21,False,False,no_consistent_vsa_program,"{""program_count"": 0, ""reason"": ""no_consistent_vsa_program"", ""status"": ""abstain""}"
88b43464,equation_transform,v412_equation_vsa_ranked,abstain,,5311,5311,True,False,no_consistent_vsa_program,"{""program_count"": 0, ""reason"": ""no_consistent_vsa_program"", ""status"": ""abstain""}"
209c43f0,equation_transform,v412_equation_vsa_ranked,abstain,,101,101,True,False,no_consistent_vsa_program,"{""program_count"": 1, ""reason"": ""no_consistent_vsa_program"", ""status"": ""abstain""}"
8ac52d78,bit_manipulation,v412_bit_lut_k123,abstain,,00010000,00010000,True,False,ambiguous_lut_prediction_bit_0,"{""accepted_counts"": [16], ""consistent_counts"": [23], ""reason"": ""ambiguous_lut_prediction_bit_0"", ""status"": ""abstain"", ""top_predictions"": [0, 1], ""top_score"": 6}"
f507b7f1,bit_manipulation,v412_bit_lut_k123,abstain,,11001100,11011100,False,False,ambiguous_lut_prediction_bit_3,"{""accepted_counts"": [19, 19, 19, 30], ""consistent_counts"": [20, 20, 21, 33], ""reason"": ""ambiguous_lut_prediction_bit_3"", ""status"": ""abstain"", ""top_predictions"": [0, 1], ""top_score"": -4}"
d129b085,equation_transform,v412_equation_vsa_ranked,abstain,,##$,!>``,False,False,no_consistent_vsa_program,"{""program_count"": 0, ""reason"": ""no_consistent_vsa_program"", ""status"": ""abstain""}"
368f20dd,bit_manipulation,v412_bit_lut_k123,abstain,,10000101,10000101,True,False,ambiguous_lut_prediction_bit_0,"{""accepted_counts"": [14], ""consistent_counts"": [31], ""reason"": ""ambiguous_lut_prediction_bit_0"", ""status"": ""abstain"", ""top_predictions"": [0, 1], ""top_score"": -8}"
e582df31,equation_transform,v412_equation_vsa_ranked,abstain,,}@,"""']@",False,False,no_consistent_vsa_program,"{""program_count"": 0, ""reason"": ""no_consistent_vsa_program"", ""status"": ""abstain""}"
a77be9fa,equation_transform,v412_equation_vsa_ranked,abstain,,"[""",{>$[,False,False,no_consistent_vsa_program,"{""program_count"": 0, ""reason"": ""no_consistent_vsa_program"", ""status"": ""abstain""}"
5a19f71a,bit_manipulation,v412_bit_lut_k123,abstain,,11100010,11100010,True,False,ambiguous_lut_prediction_bit_0,"{""accepted_counts"": [15], ""consistent_counts"": [18], ""reason"": ""ambiguous_lut_prediction_bit_0"", ""status"": ""abstain"", ""top_predictions"": [0, 1], ""top_score"": 6}"
78d02fc5,bit_manipulation,v412_bit_lut_k123,abstain,,11001001,11001011,False,False,ambiguous_lut_prediction_bit_4,"{""accepted_counts"": [8, 3, 14, 8, 17], ""consistent_counts"": [20, 7, 29, 29, 40], ""reason"": ""ambiguous_lut_prediction_bit_4"", ""status"": ""abstain"", ""top_predictions"": [0, 1], ""top_score"": -8}"
4166067c,bit_manipulation,v412_bit_lut_k123,candidate,01110110,01110110,01110110,True,True,v412_lut_unique_or_top_consensus,"b0:LUT1(7,); b1:LUT1(7,); b2:LUT1(0,); b3:LUT1(1,); b4:LUT1(2,)|LUT1(5,); b5:LUT1(3,); b6:LUT1(4,); b7:LUT1(2,)|LUT1(5,)"
49fb46e8,bit_manipulation,v412_bit_lut_k123,abstain,,01001110,01001110,True,False,ambiguous_lut_prediction_bit_0,"{""accepted_counts"": [35], ""consistent_counts"": [40], ""reason"": ""ambiguous_lut_prediction_bit_0"", ""status"": ""abstain"", ""top_predictions"": [0, 1], ""top_score"": -4}"
779bb1f3,bit_manipulation,v412_bit_lut_k123,abstain,,10000001,10000001,True,False,ambiguous_lut_prediction_bit_1,"{""accepted_counts"": [43, 30], ""consistent_counts"": [45, 32], ""reason"": ""ambiguous_lut_prediction_bit_1"", ""status"": ""abstain"", ""top_predictions"": [0, 1], ""top_score"": -4}"
e2b02e13,bit_manipulation,v412_bit_lut_k123,abstain,,01111110,01111110,True,False,ambiguous_lut_prediction_bit_4,"{""accepted_counts"": [8, 23, 23, 20, 22], ""consistent_counts"": [11, 29, 29, 29, 36], ""reason"": ""ambiguous_lut_prediction_bit_4"", ""status"": ""abstain"", ""top_predictions"": [0, 1], ""top_score"": -8}"
f8d6abd1,equation_transform,v412_equation_vsa_ranked,abstain,,5543,5543,True,False,no_consistent_vsa_program,"{""program_count"": 0, ""reason"": ""no_consistent_vsa_program"", ""status"": ""abstain""}"
21245d76,bit_manipulation,v412_bit_lut_k123,abstain,,01111111,01111111,True,False,ambiguous_lut_prediction_bit_1,"{""accepted_counts"": [2, 8], ""consistent_counts"": [10, 10], ""reason"": ""ambiguous_lut_prediction_bit_1"", ""status"": ""abstain"", ""top_predictions"": [0, 1], ""top_score"": 6}"
4ed6b56f,equation_transform,v412_equation_vsa_ranked,abstain,,"(""/""",!:`(,False,False,no_consistent_vsa_program,"{""program_count"": 0, ""reason"": ""no_consistent_vsa_program"", ""status"": ""abstain""}"
e0eba119,bit_manipulation,v412_bit_lut_k123,abstain,,00010010,00010010,True,False,ambiguous_lut_prediction_bit_0,"{""accepted_counts"": [24], ""consistent_counts"": [35], ""reason"": ""ambiguous_lut_prediction_bit_0"", ""status"": ""abstain"", ""top_predictions"": [0, 1], ""top_score"": 8}"
55014a7a,bit_manipulation,v412_bit_lut_k123,abstain,,01010000,01010000,True,False,ambiguous_lut_prediction_bit_0,"{""accepted_counts"": [20], ""consistent_counts"": [30], ""reason"": ""ambiguous_lut_prediction_bit_0"", ""status"": ""abstain"", ""top_predictions"": [0, 1], ""top_score"": 8}"
0fe06e8c,bit_manipulation,v412_bit_lut_k123,abstain,,10010010,10010010,True,False,ambiguous_lut_prediction_bit_1,"{""accepted_counts"": [19, 14], ""consistent_counts"": [29, 32], ""reason"": ""ambiguous_lut_prediction_bit_1"", ""status"": ""abstain"", ""top_predictions"": [0, 1], ""top_score"": -10}"
f8fc43d2,bit_manipulation,v412_bit_lut_k123,abstain,,11100100,11100100,True,False,ambiguous_lut_prediction_bit_0,"{""accepted_counts"": [28], ""consistent_counts"": [35], ""reason"": ""ambiguous_lut_prediction_bit_0"", ""status"": ""abstain"", ""top_predictions"": [0, 1], ""top_score"": -6}"
208d7838,equation_transform,v412_equation_vsa_ranked,abstain,,[:,[&<>,False,False,no_consistent_vsa_program,"{""program_count"": 0, ""reason"": ""no_consistent_vsa_program"", ""status"": ""abstain""}"
58c099d2,equation_transform,v412_equation_vsa_ranked,abstain,,-)\,^!#\,False,False,no_consistent_vsa_program,"{""program_count"": 0, ""reason"": ""no_consistent_vsa_program"", ""status"": ""abstain""}"
d40ce15d,bit_manipulation,v412_bit_lut_k123,abstain,,00010000,00010000,True,False,ambiguous_lut_prediction_bit_2,"{""accepted_counts"": [16, 17, 7], ""consistent_counts"": [29, 29, 31], ""reason"": ""ambiguous_lut_prediction_bit_2"", ""status"": ""abstain"", ""top_predictions"": [0, 1], ""top_score"": -8}"
3cb3fd89,equation_transform,v412_equation_vsa_ranked,abstain,,[[&],]$$),False,False,no_consistent_vsa_program,"{""program_count"": 0, ""reason"": ""no_consistent_vsa_program"", ""status"": ""abstain""}"
c711f9dd,bit_manipulation,v412_bit_lut_k123,abstain,,11000000,11000000,True,False,ambiguous_lut_prediction_bit_1,"{""accepted_counts"": [71, 31], ""consistent_counts"": [92, 36], ""reason"": ""ambiguous_lut_prediction_bit_1"", ""status"": ""abstain"", ""top_predictions"": [0, 1], ""top_score"": -8}"
a26065d4,equation_transform,v412_equation_vsa_ranked,abstain,,<',<&<#,False,False,no_consistent_vsa_program,"{""program_count"": 0, ""reason"": ""no_consistent_vsa_program"", ""status"": ""abstain""}"
55d834d1,bit_manipulation,v412_bit_lut_k123,abstain,,00111111,10111111,False,False,ambiguous_lut_prediction_bit_0,"{""accepted_counts"": [17], ""consistent_counts"": [33], ""reason"": ""ambiguous_lut_prediction_bit_0"", ""status"": ""abstain"", ""top_predictions"": [0, 1], ""top_score"": 10}"
194695e8,equation_transform,v412_equation_vsa_ranked,abstain,,%,!\{<,False,False,no_consistent_vsa_program,"{""program_count"": 0, ""reason"": ""no_consistent_vsa_program"", ""status"": ""abstain""}"
4ef88f92,bit_manipulation,v412_bit_lut_k123,abstain,,01010111,01010011,False,False,ambiguous_lut_prediction_bit_2,"{""accepted_counts"": [4, 9, 6], ""consistent_counts"": [7, 9, 11], ""reason"": ""ambiguous_lut_prediction_bit_2"", ""status"": ""abstain"", ""top_predictions"": [0, 1], ""top_score"": 2}"
5d77eff6,bit_manipulation,v412_bit_lut_k123,abstain,,00011100,00011100,True,False,ambiguous_lut_prediction_bit_0,"{""accepted_counts"": [8], ""consistent_counts"": [11], ""reason"": ""ambiguous_lut_prediction_bit_0"", ""status"": ""abstain"", ""top_predictions"": [0, 1], ""top_score"": 0}"
1a7c8520,bit_manipulation,v412_bit_lut_k123,abstain,,01100000,01100110,False,False,ambiguous_lut_prediction_bit_0,"{""accepted_counts"": [4], ""consistent_counts"": [20], ""reason"": ""ambiguous_lut_prediction_bit_0"", ""status"": ""abstain"", ""top_predictions"": [0, 1], ""top_score"": 10}"
1c671acc,bit_manipulation,v412_bit_lut_k123,abstain,,11111101,11111101,True,False,ambiguous_lut_prediction_bit_0,"{""accepted_counts"": [33], ""consistent_counts"": [40], ""reason"": ""ambiguous_lut_prediction_bit_0"", ""status"": ""abstain"", ""top_predictions"": [0, 1], ""top_score"": 4}"
528ec0d8,equation_transform,v412_equation_vsa_ranked,abstain,,-39,39,False,False,no_consistent_vsa_program,"{""program_count"": 0, ""reason"": ""no_consistent_vsa_program"", ""status"": ""abstain""}"
4bb8c6cd,equation_transform,v412_equation_vsa_ranked,abstain,,]}\!,]}\!,True,False,no_consistent_vsa_program,"{""program_count"": 0, ""reason"": ""no_consistent_vsa_program"", ""status"": ""abstain""}"
57712d01,equation_transform,v412_equation_vsa_ranked,abstain,,-/<,$/'{,False,False,no_consistent_vsa_program,"{""program_count"": 0, ""reason"": ""no_consistent_vsa_program"", ""status"": ""abstain""}"
d98d85c0,equation_transform,v412_equation_vsa_ranked,abstain,,?(&@,(@@?,False,False,no_consistent_vsa_program,"{""program_count"": 0, ""reason"": ""no_consistent_vsa_program"", ""status"": ""abstain""}"
b62f2e75,bit_manipulation,v412_bit_lut_k123,abstain,,00111111,00111111,True,False,ambiguous_lut_prediction_bit_4,"{""accepted_counts"": [74, 74, 26, 22, 33], ""consistent_counts"": [92, 92, 29, 29, 51], ""reason"": ""ambiguous_lut_prediction_bit_4"", ""status"": ""abstain"", ""top_predictions"": [0, 1], ""top_score"": -4}"
7ed40e8a,equation_transform,v412_equation_vsa_ranked,abstain,,180,180,True,False,no_consistent_vsa_program,"{""program_count"": 0, ""reason"": ""no_consistent_vsa_program"", ""status"": ""abstain""}"
491b8ea5,equation_transform,v412_equation_vsa_ranked,abstain,,)!,@|]!,False,False,no_consistent_vsa_program,"{""program_count"": 0, ""reason"": ""no_consistent_vsa_program"", ""status"": ""abstain""}"
eb1a62f7,equation_transform,v412_equation_vsa_ranked,abstain,,>!>},){>),False,False,no_consistent_vsa_program,"{""program_count"": 0, ""reason"": ""no_consistent_vsa_program"", ""status"": ""abstain""}"
0bb591e6,equation_transform,v412_equation_vsa_ranked,abstain,,%?<,"""$%%""",False,False,no_consistent_vsa_program,"{""program_count"": 0, ""reason"": ""no_consistent_vsa_program"", ""status"": ""abstain""}"
c869b4f6,bit_manipulation,v412_bit_lut_k123,abstain,,10010001,10010001,True,False,ambiguous_lut_prediction_bit_1,"{""accepted_counts"": [29, 20], ""consistent_counts"": [29, 20], ""reason"": ""ambiguous_lut_prediction_bit_1"", ""status"": ""abstain"", ""top_predictions"": [0, 1], ""top_score"": 4}"
3c424916,equation_transform,v412_equation_vsa_ranked,abstain,,9351,9351,True,False,no_consistent_vsa_program,"{""program_count"": 0, ""reason"": ""no_consistent_vsa_program"", ""status"": ""abstain""}"
575f9709,bit_manipulation,v412_bit_lut_k123,abstain,,01111111,01111111,True,False,ambiguous_lut_prediction_bit_1,"{""accepted_counts"": [28, 33], ""consistent_counts"": [29, 37], ""reason"": ""ambiguous_lut_prediction_bit_1"", ""status"": ""abstain"", ""top_predictions"": [0, 1], ""top_score"": -8}"
691608b9,bit_manipulation,v412_bit_lut_k123,abstain,,00101000,00101000,True,False,ambiguous_lut_prediction_bit_2,"{""accepted_counts"": [86, 86, 27], ""consistent_counts"": [92, 92, 30], ""reason"": ""ambiguous_lut_prediction_bit_2"", ""status"": ""abstain"", ""top_predictions"": [0, 1], ""top_score"": -8}"
72336119,equation_transform,v412_equation_vsa_ranked,abstain,,3316,3316,True,False,no_consistent_vsa_program,"{""program_count"": 0, ""reason"": ""no_consistent_vsa_program"", ""status"": ""abstain""}"
202af98d,bit_manipulation,v412_bit_lut_k123,abstain,,11111101,11111111,False,False,ambiguous_lut_prediction_bit_1,"{""accepted_counts"": [1, 8], ""consistent_counts"": [12, 24], ""reason"": ""ambiguous_lut_prediction_bit_1"", ""status"": ""abstain"", ""top_predictions"": [0, 1], ""top_score"": 4}"
3ace787f,bit_manipulation,v412_bit_lut_k123,abstain,,11111011,11111111,False,False,ambiguous_lut_prediction_bit_1,"{""accepted_counts"": [8, 18], ""consistent_counts"": [15, 21], ""reason"": ""ambiguous_lut_prediction_bit_1"", ""status"": ""abstain"", ""top_predictions"": [0, 1], ""top_score"": 4}"
9a19fc2d,equation_transform,v412_equation_vsa_ranked,abstain,,#>[,!&)#,False,False,no_consistent_vsa_program,"{""program_count"": 0, ""reason"": ""no_consistent_vsa_program"", ""status"": ""abstain""}"
dc7f150a,bit_manipulation,v412_bit_lut_k123,abstain,,11001011,11001011,True,False,ambiguous_lut_prediction_bit_0,"{""accepted_counts"": [25], ""consistent_counts"": [40], ""reason"": ""ambiguous_lut_prediction_bit_0"", ""status"": ""abstain"", ""top_predictions"": [0, 1], ""top_score"": -4}"
12e947ca,bit_manipulation,v412_bit_lut_k123,abstain,,00111110,00111110,True,False,ambiguous_lut_prediction_bit_1,"{""accepted_counts"": [40, 15], ""consistent_counts"": [41, 19], ""reason"": ""ambiguous_lut_prediction_bit_1"", ""status"": ""abstain"", ""top_predictions"": [0, 1], ""top_score"": 2}"
2a5d4790,bit_manipulation,v412_bit_lut_k123,abstain,,11111111,11111111,True,False,ambiguous_lut_prediction_bit_0,"{""accepted_counts"": [26], ""consistent_counts"": [39], ""reason"": ""ambiguous_lut_prediction_bit_0"", ""status"": ""abstain"", ""top_predictions"": [0, 1], ""top_score"": -6}"
59bee375,bit_manipulation,v412_bit_lut_k123,abstain,,10010101,10010101,True,False,ambiguous_lut_prediction_bit_0,"{""accepted_counts"": [36], ""consistent_counts"": [42], ""reason"": ""ambiguous_lut_prediction_bit_0"", ""status"": ""abstain"", ""top_predictions"": [0, 1], ""top_score"": 8}"
528b694b,equation_transform,v412_equation_vsa_ranked,abstain,,"""'",>]],False,False,no_consistent_vsa_program,"{""program_count"": 0, ""reason"": ""no_consistent_vsa_program"", ""status"": ""abstain""}"
d3b20e29,equation_transform,v412_equation_vsa_ranked,abstain,,3922,3922,True,False,no_consistent_vsa_program,"{""program_count"": 0, ""reason"": ""no_consistent_vsa_program"", ""status"": ""abstain""}"
d1bd7478,equation_transform,v412_equation_vsa_ranked,abstain,,30,3,False,False,no_consistent_vsa_program,"{""program_count"": 0, ""reason"": ""no_consistent_vsa_program"", ""status"": ""abstain""}"
21519be7,equation_transform,v412_equation_vsa_ranked,abstain,,35,35,True,False,no_consistent_vsa_program,"{""program_count"": 0, ""reason"": ""no_consistent_vsa_program"", ""status"": ""abstain""}"
fe6d3aa3,bit_manipulation,v412_bit_lut_k123,abstain,,10100010,10100010,True,False,ambiguous_lut_prediction_bit_5,"{""accepted_counts"": [29, 27, 7, 9, 26, 21], ""consistent_counts"": [30, 30, 7, 10, 29, 32], ""reason"": ""ambiguous_lut_prediction_bit_5"", ""status"": ""abstain"", ""top_predictions"": [0, 1], ""top_score"": -10}"
01248b76,bit_manipulation,v412_bit_lut_k123,abstain,,11000101,11000101,True,False,ambiguous_lut_prediction_bit_0,"{""accepted_counts"": [10], ""consistent_counts"": [10], ""reason"": ""ambiguous_lut_prediction_bit_0"", ""status"": ""abstain"", ""top_predictions"": [0, 1], ""top_score"": 6}"
0dfd7674,bit_manipulation,v412_bit_lut_k123,abstain,,01001110,01001110,True,False,ambiguous_lut_prediction_bit_1,"{""accepted_counts"": [6, 16], ""consistent_counts"": [8, 21], ""reason"": ""ambiguous_lut_prediction_bit_1"", ""status"": ""abstain"", ""top_predictions"": [0, 1], ""top_score"": 0}"
7306613b,equation_transform,v412_equation_vsa_ranked,abstain,,251,251,True,False,no_consistent_vsa_program,"{""program_count"": 0, ""reason"": ""no_consistent_vsa_program"", ""status"": ""abstain""}"
8243c91e,bit_manipulation,v412_bit_lut_k123,abstain,,01000101,01000101,True,False,ambiguous_lut_prediction_bit_1,"{""accepted_counts"": [20, 46], ""consistent_counts"": [25, 55], ""reason"": ""ambiguous_lut_prediction_bit_1"", ""status"": ""abstain"", ""top_predictions"": [0, 1], ""top_score"": 6}"
fba40625,equation_transform,v412_equation_vsa_ranked,abstain,,'>&,{>?#,False,False,no_consistent_vsa_program,"{""program_count"": 0, ""reason"": ""no_consistent_vsa_program"", ""status"": ""abstain""}"
9aa8dc92,equation_transform,v412_equation_vsa_ranked,candidate,#<,/#</,/#</,True,False,v412_vsa_ranked_unique_prediction,"v412_symbolic_transducer:#->#,+->,-->\,/->,:->:,<-><,@->-,\->\,{->"",|->|=>#<@169"
ef2fe526,bit_manipulation,v412_bit_lut_k123,abstain,,01011010,01011010,True,False,ambiguous_lut_prediction_bit_0,"{""accepted_counts"": [12], ""consistent_counts"": [16], ""reason"": ""ambiguous_lut_prediction_bit_0"", ""status"": ""abstain"", ""top_predictions"": [0, 1], ""top_score"": 4}"
c5b058d6,equation_transform,v412_equation_vsa_ranked,abstain,,134,35,False,False,no_consistent_vsa_program,"{""program_count"": 0, ""reason"": ""no_consistent_vsa_program"", ""status"": ""abstain""}"
b4342b90,equation_transform,v412_equation_vsa_ranked,abstain,,66,66,True,False,no_consistent_vsa_program,"{""program_count"": 1, ""reason"": ""no_consistent_vsa_program"", ""status"": ""abstain""}"
837a6ae7,equation_transform,v412_equation_vsa_ranked,abstain,,<>\>,"<:{""",False,False,no_consistent_vsa_program,"{""program_count"": 0, ""reason"": ""no_consistent_vsa_program"", ""status"": ""abstain""}"
9d3e7f1a,bit_manipulation,v412_bit_lut_k123,abstain,,01101010,01101010,True,False,ambiguous_lut_prediction_bit_1,"{""accepted_counts"": [29, 31], ""consistent_counts"": [29, 31], ""reason"": ""ambiguous_lut_prediction_bit_1"", ""status"": ""abstain"", ""top_predictions"": [0, 1], ""top_score"": -8}"
00fdc0be,bit_manipulation,v412_bit_lut_k123,abstain,,11111111,11111111,True,False,ambiguous_lut_prediction_bit_1,"{""accepted_counts"": [34, 22], ""consistent_counts"": [38, 35], ""reason"": ""ambiguous_lut_prediction_bit_1"", ""status"": ""abstain"", ""top_predictions"": [0, 1], ""top_score"": -4}"
3a7dd604,bit_manipulation,v412_bit_lut_k123,abstain,,01001010,01001011,False,False,ambiguous_lut_prediction_bit_0,"{""accepted_counts"": [17], ""consistent_counts"": [31], ""reason"": ""ambiguous_lut_prediction_bit_0"", ""status"": ""abstain"", ""top_predictions"": [0, 1], ""top_score"": 10}"
d0e1010b,equation_transform,v412_equation_vsa_ranked,abstain,,!&&},|&$|,False,False,no_consistent_vsa_program,"{""program_count"": 0, ""reason"": ""no_consistent_vsa_program"", ""status"": ""abstain""}"
3feeabea,bit_manipulation,v412_bit_lut_k123,abstain,,10010010,10010010,True,False,ambiguous_lut_prediction_bit_0,"{""accepted_counts"": [19], ""consistent_counts"": [31], ""reason"": ""ambiguous_lut_prediction_bit_0"", ""status"": ""abstain"", ""top_predictions"": [0, 1], ""top_score"": -8}"
34c563c5,equation_transform,v412_equation_vsa_ranked,abstain,,04`,04`,True,False,no_consistent_vsa_program,"{""program_count"": 0, ""reason"": ""no_consistent_vsa_program"", ""status"": ""abstain""}"
5a0d5d2a,equation_transform,v412_equation_vsa_ranked,abstain,,341,55,False,False,no_consistent_vsa_program,"{""program_count"": 0, ""reason"": ""no_consistent_vsa_program"", ""status"": ""abstain""}"
5a9fcf68,equation_transform,v412_equation_vsa_ranked,abstain,,4443,4,False,False,no_consistent_vsa_program,"{""program_count"": 0, ""reason"": ""no_consistent_vsa_program"", ""status"": ""abstain""}"
6e56b39a,equation_transform,v412_equation_vsa_ranked,abstain,,-/#,&#!,False,False,no_consistent_vsa_program,"{""program_count"": 0, ""reason"": ""no_consistent_vsa_program"", ""status"": ""abstain""}"
4ada9150,bit_manipulation,v412_bit_lut_k123,abstain,,01111011,01111111,False,False,ambiguous_lut_prediction_bit_1,"{""accepted_counts"": [10, 29], ""consistent_counts"": [10, 31], ""reason"": ""ambiguous_lut_prediction_bit_1"", ""status"": ""abstain"", ""top_predictions"": [0, 1], ""top_score"": -10}"
a5f1991c,equation_transform,v412_equation_vsa_ranked,abstain,,/|',!&&&,False,False,no_consistent_vsa_program,"{""program_count"": 0, ""reason"": ""no_consistent_vsa_program"", ""status"": ""abstain""}"
455b6b61,bit_manipulation,v412_bit_lut_k123,abstain,,00111011,00111011,True,False,ambiguous_lut_prediction_bit_0,"{""accepted_counts"": [23], ""consistent_counts"": [56], ""reason"": ""ambiguous_lut_prediction_bit_0"", ""status"": ""abstain"", ""top_predictions"": [0, 1], ""top_score"": -6}"
1d08947a,bit_manipulation,v412_bit_lut_k123,abstain,,10010100,10010100,True,False,ambiguous_lut_prediction_bit_0,"{""accepted_counts"": [23], ""consistent_counts"": [51], ""reason"": ""ambiguous_lut_prediction_bit_0"", ""status"": ""abstain"", ""top_predictions"": [0, 1], ""top_score"": -4}"
d26f22c3,bit_manipulation,v412_bit_lut_k123,abstain,,11101100,11101100,True,False,ambiguous_lut_prediction_bit_2,"{""accepted_counts"": [12, 4, 26], ""consistent_counts"": [18, 9, 41], ""reason"": ""ambiguous_lut_prediction_bit_2"", ""status"": ""abstain"", ""top_predictions"": [0, 1], ""top_score"": -4}"
c7aae192,equation_transform,v412_equation_vsa_ranked,abstain,,">""(","\""]",False,False,no_consistent_vsa_program,"{""program_count"": 0, ""reason"": ""no_consistent_vsa_program"", ""status"": ""abstain""}"
a6192d29,bit_manipulation,v412_bit_lut_k123,abstain,,00001000,01111110,False,False,ambiguous_lut_prediction_bit_1,"{""accepted_counts"": [20, 2], ""consistent_counts"": [22, 3], ""reason"": ""ambiguous_lut_prediction_bit_1"", ""status"": ""abstain"", ""top_predictions"": [0, 1], ""top_score"": 14}"
e4cc7639,equation_transform,v412_equation_vsa_ranked,abstain,,113,16,False,False,no_consistent_vsa_program,"{""program_count"": 0, ""reason"": ""no_consistent_vsa_program"", ""status"": ""abstain""}"
eeb60061,bit_manipulation,v412_bit_lut_k123,abstain,,00000101,00000101,True,False,ambiguous_lut_prediction_bit_1,"{""accepted_counts"": [5, 22], ""consistent_counts"": [7, 31], ""reason"": ""ambiguous_lut_prediction_bit_1"", ""status"": ""abstain"", ""top_predictions"": [0, 1], ""top_score"": -8}"
844f826c,equation_transform,v412_equation_vsa_ranked,abstain,,"/""",`@>``,False,False,no_consistent_vsa_program,"{""program_count"": 0, ""reason"": ""no_consistent_vsa_program"", ""status"": ""abstain""}"
048cc279,bit_manipulation,v412_bit_lut_k123,abstain,,01010000,01111000,False,False,ambiguous_lut_prediction_bit_1,"{""accepted_counts"": [28, 16], ""consistent_counts"": [38, 20], ""reason"": ""ambiguous_lut_prediction_bit_1"", ""status"": ""abstain"", ""top_predictions"": [0, 1], ""top_score"": 8}"
20052c2f,bit_manipulation,v412_bit_lut_k123,abstain,,01100110,01100110,True,False,ambiguous_lut_prediction_bit_4,"{""accepted_counts"": [28, 27, 33, 22, 22], ""consistent_counts"": [30, 31, 35, 29, 35], ""reason"": ""ambiguous_lut_prediction_bit_4"", ""status"": ""abstain"", ""top_predictions"": [0, 1], ""top_score"": -8}"
89dfa4c2,bit_manipulation,v412_bit_lut_k123,abstain,,00111010,00111010,True,False,ambiguous_lut_prediction_bit_0,"{""accepted_counts"": [27], ""consistent_counts"": [34], ""reason"": ""ambiguous_lut_prediction_bit_0"", ""status"": ""abstain"", ""top_predictions"": [0, 1], ""top_score"": -10}"
53329505,bit_manipulation,v412_bit_lut_k123,abstain,,11011111,11011111,True,False,ambiguous_lut_prediction_bit_0,"{""accepted_counts"": [27], ""consistent_counts"": [30], ""reason"": ""ambiguous_lut_prediction_bit_0"", ""status"": ""abstain"", ""top_predictions"": [0, 1], ""top_score"": -8}"
ced947c8,bit_manipulation,v412_bit_lut_k123,abstain,,01001011,01001011,True,False,ambiguous_lut_prediction_bit_0,"{""accepted_counts"": [29], ""consistent_counts"": [37], ""reason"": ""ambiguous_lut_prediction_bit_0"", ""status"": ""abstain"", ""top_predictions"": [0, 1], ""top_score"": 0}"
0440e6ab,bit_manipulation,v412_bit_lut_k123,candidate,01100000,01100000,01100000,True,True,v412_lut_unique_or_top_consensus,"b0:LUT1(5,); b1:LUT1(6,); b2:LUT1(7,); b3:LUT1(0,)|LUT1(1,)|LUT1(2,)|LUT1(3,)|LUT1(5,); b4:LUT1(0,)|LUT1(1,)|LUT1(2,)|LUT1(3,)|LUT1(5,); b5:LUT1(0,)|LUT1(1,)|LUT1(2,)|LUT1(3,)|LUT1(5,); b6:LUT1(0,)|LUT1(1,)|LUT1(2,)|LUT1(3,)|LUT1(5,); b7:LUT1(0,)"
e641791f,bit_manipulation,v412_bit_lut_k123,abstain,,00010001,00010001,True,False,ambiguous_lut_prediction_bit_0,"{""accepted_counts"": [22], ""consistent_counts"": [34], ""reason"": ""ambiguous_lut_prediction_bit_0"", ""status"": ""abstain"", ""top_predictions"": [0, 1], ""top_score"": -6}"
bcdf9198,bit_manipulation,v412_bit_lut_k123,candidate,11111111,11111111,11111111,True,True,v412_lut_unique_or_top_consensus,"b0:LUT1(0,)|LUT1(1,)|LUT1(2,)|LUT1(3,)|LUT1(5,); b1:LUT1(0,)|LUT1(1,)|LUT1(2,)|LUT1(3,)|LUT1(5,); b2:LUT1(0,)|LUT1(1,)|LUT1(2,)|LUT1(3,)|LUT1(5,); b3:LUT1(0,)|LUT1(1,)|LUT1(2,)|LUT1(3,)|LUT1(5,); b4:LUT1(0,)|LUT1(1,)|LUT1(2,)|LUT1(3,)|LUT1(5,); b5:LUT1(0,)|LUT1(1,)|LUT1(2,)|LUT1(3,)|LUT1(5,); b6:LUT1(0,)|LUT1(1,)|LUT1(2,)|LUT1(3,)|LUT1(5,); b7:LUT1(0,)|LUT1(1,)|LUT1(2,)|LUT1(3,)|LUT1(5,)"
b69391b8,equation_transform,v412_equation_vsa_ranked,abstain,,66,66,True,False,no_consistent_vsa_program,"{""program_count"": 0, ""reason"": ""no_consistent_vsa_program"", ""status"": ""abstain""}"
8193e7e0,equation_transform,v412_equation_vsa_ranked,abstain,,??{`,#?&`,False,False,no_consistent_vsa_program,"{""program_count"": 0, ""reason"": ""no_consistent_vsa_program"", ""status"": ""abstain""}"
20cdbdb1,bit_manipulation,v412_bit_lut_k123,abstain,,11100001,11100001,True,False,ambiguous_lut_prediction_bit_1,"{""accepted_counts"": [27, 25], ""consistent_counts"": [30, 30], ""reason"": ""ambiguous_lut_prediction_bit_1"", ""status"": ""abstain"", ""top_predictions"": [0, 1], ""top_score"": -10}"
48ae04f6,bit_manipulation,v412_bit_lut_k123,abstain,,00000010,00000010,True,False,ambiguous_lut_prediction_bit_0,"{""accepted_counts"": [9], ""consistent_counts"": [9], ""reason"": ""ambiguous_lut_prediction_bit_0"", ""status"": ""abstain"", ""top_predictions"": [0, 1], ""top_score"": 2}"
3595c82c,bit_manipulation,v412_bit_lut_k123,abstain,,10011011,10011011,True,False,ambiguous_lut_prediction_bit_0,"{""accepted_counts"": [7], ""consistent_counts"": [8], ""reason"": ""ambiguous_lut_prediction_bit_0"", ""status"": ""abstain"", ""top_predictions"": [0, 1], ""top_score"": 8}"
5bcb572e,equation_transform,v412_equation_vsa_ranked,abstain,,-!#,"""{!""",False,False,no_consistent_vsa_program,"{""program_count"": 0, ""reason"": ""no_consistent_vsa_program"", ""status"": ""abstain""}"
8c1529e1,equation_transform,v412_equation_vsa_ranked,abstain,,-52,-52,True,False,no_consistent_vsa_program,"{""program_count"": 0, ""reason"": ""no_consistent_vsa_program"", ""status"": ""abstain""}"
cdec898a,equation_transform,v412_equation_vsa_ranked,abstain,,<?/,>}][?,False,False,no_consistent_vsa_program,"{""program_count"": 0, ""reason"": ""no_consistent_vsa_program"", ""status"": ""abstain""}"
bca238ee,bit_manipulation,v412_bit_lut_k123,abstain,,00000000,00000000,True,False,ambiguous_lut_prediction_bit_0,"{""accepted_counts"": [26], ""consistent_counts"": [40], ""reason"": ""ambiguous_lut_prediction_bit_0"", ""status"": ""abstain"", ""top_predictions"": [0, 1], ""top_score"": -6}"
5dffe751,bit_manipulation,v412_bit_lut_k123,abstain,,01100000,01100000,True,False,ambiguous_lut_prediction_bit_0,"{""accepted_counts"": [32], ""consistent_counts"": [51], ""reason"": ""ambiguous_lut_prediction_bit_0"", ""status"": ""abstain"", ""top_predictions"": [0, 1], ""top_score"": -2}"
44398869,equation_transform,v412_equation_vsa_ranked,abstain,,5913,5913,True,False,no_consistent_vsa_program,"{""program_count"": 1, ""reason"": ""no_consistent_vsa_program"", ""status"": ""abstain""}"
06120e47,bit_manipulation,v412_bit_lut_k123,abstain,,11110010,11111110,False,False,ambiguous_lut_prediction_bit_2,"{""accepted_counts"": [69, 69, 20], ""consistent_counts"": [92, 92, 31], ""reason"": ""ambiguous_lut_prediction_bit_2"", ""status"": ""abstain"", ""top_predictions"": [0, 1], ""top_score"": 2}"
1f7407ed,bit_manipulation,v412_bit_lut_k123,abstain,,00101101,00101101,True,False,ambiguous_lut_prediction_bit_0,"{""accepted_counts"": [17], ""consistent_counts"": [18], ""reason"": ""ambiguous_lut_prediction_bit_0"", ""status"": ""abstain"", ""top_predictions"": [0, 1], ""top_score"": 2}"
46dd0f22,bit_manipulation,v412_bit_lut_k123,abstain,,01010000,01010000,True,False,ambiguous_lut_prediction_bit_0,"{""accepted_counts"": [29], ""consistent_counts"": [39], ""reason"": ""ambiguous_lut_prediction_bit_0"", ""status"": ""abstain"", ""top_predictions"": [0, 1], ""top_score"": -8}"
edf364da,equation_transform,v412_equation_vsa_ranked,abstain,,$(%,::{[,False,False,no_consistent_vsa_program,"{""program_count"": 0, ""reason"": ""no_consistent_vsa_program"", ""status"": ""abstain""}"
d6e5cd59,bit_manipulation,v412_bit_lut_k123,abstain,,01101111,01101111,True,False,ambiguous_lut_prediction_bit_3,"{""accepted_counts"": [4, 22, 27, 36], ""consistent_counts"": [7, 23, 29, 45], ""reason"": ""ambiguous_lut_prediction_bit_3"", ""status"": ""abstain"", ""top_predictions"": [0, 1], ""top_score"": -8}"
339149c9,equation_transform,v412_equation_vsa_ranked,abstain,,3,3,True,False,no_consistent_vsa_program,"{""program_count"": 1, ""reason"": ""no_consistent_vsa_program"", ""status"": ""abstain""}"
e1f3ffbb,bit_manipulation,v412_bit_lut_k123,abstain,,11111010,11111011,False,False,ambiguous_lut_prediction_bit_5,"{""accepted_counts"": [64, 64, 64, 64, 64, 27], ""consistent_counts"": [92, 92, 92, 92, 92, 44], ""reason"": ""ambiguous_lut_prediction_bit_5"", ""status"": ""abstain"", ""top_predictions"": [0, 1], ""top_score"": 8}"
4c327b55,bit_manipulation,v412_bit_lut_k123,abstain,,11011100,11011110,False,False,ambiguous_lut_prediction_bit_0,"{""accepted_counts"": [7], ""consistent_counts"": [38], ""reason"": ""ambiguous_lut_prediction_bit_0"", ""status"": ""abstain"", ""top_predictions"": [0, 1], ""top_score"": -4}"
0f2dec86,bit_manipulation,v412_bit_lut_k123,candidate,10111100,10111000,10111000,True,False,v412_lut_unique_or_top_consensus,"b0:LUT1(2,); b1:LUT2(0, 3); b2:LUT2(1, 4); b3:LUT2(2, 5); b4:LUT2(3, 6); b5:LUT2(5, 6); b6:LUT1(5,); b7:LUT1(6,)"
e36a0065,bit_manipulation,v412_bit_lut_k123,abstain,,01110110,01110110,True,False,ambiguous_lut_prediction_bit_2,"{""accepted_counts"": [13, 13, 22], ""consistent_counts"": [30, 29, 39], ""reason"": ""ambiguous_lut_prediction_bit_2"", ""status"": ""abstain"", ""top_predictions"": [0, 1], ""top_score"": -8}"
c7844441,equation_transform,v412_equation_vsa_ranked,abstain,,:/$^,:/$^,True,False,no_consistent_vsa_program,"{""program_count"": 0, ""reason"": ""no_consistent_vsa_program"", ""status"": ""abstain""}"
21261dc6,equation_transform,v412_equation_vsa_ranked,abstain,,-25,-25,True,False,no_consistent_vsa_program,"{""program_count"": 0, ""reason"": ""no_consistent_vsa_program"", ""status"": ""abstain""}"
70bc42af,bit_manipulation,v412_bit_lut_k123,abstain,,10101010,10101010,True,False,ambiguous_lut_prediction_bit_0,"{""accepted_counts"": [21], ""consistent_counts"": [31], ""reason"": ""ambiguous_lut_prediction_bit_0"", ""status"": ""abstain"", ""top_predictions"": [0, 1], ""top_score"": 2}"
4dbec546,equation_transform,v412_equation_vsa_ranked,abstain,,611,611,True,False,no_consistent_vsa_program,"{""program_count"": 0, ""reason"": ""no_consistent_vsa_program"", ""status"": ""abstain""}"
0c2407ef,bit_manipulation,v412_bit_lut_k123,abstain,,11000011,11000011,True,False,ambiguous_lut_prediction_bit_0,"{""accepted_counts"": [29], ""consistent_counts"": [42], ""reason"": ""ambiguous_lut_prediction_bit_0"", ""status"": ""abstain"", ""top_predictions"": [0, 1], ""top_score"": -8}"
939273d7,bit_manipulation,v412_bit_lut_k123,abstain,,11100110,11100110,True,False,ambiguous_lut_prediction_bit_0,"{""accepted_counts"": [7], ""consistent_counts"": [8], ""reason"": ""ambiguous_lut_prediction_bit_0"", ""status"": ""abstain"", ""top_predictions"": [0, 1], ""top_score"": 4}"
8082a958,bit_manipulation,v412_bit_lut_k123,candidate,00000000,00000000,00000000,True,True,v412_lut_unique_or_top_consensus,"b0:LUT1(0,)|LUT1(1,)|LUT1(2,)|LUT1(3,)|LUT1(4,); b1:LUT1(0,)|LUT1(1,)|LUT1(2,)|LUT1(3,)|LUT1(4,); b2:LUT1(0,)|LUT1(1,)|LUT1(2,)|LUT1(3,)|LUT1(4,); b3:LUT1(0,)|LUT1(1,)|LUT1(2,)|LUT1(3,)|LUT1(4,); b4:LUT1(0,)|LUT1(1,)|LUT1(2,)|LUT1(3,)|LUT1(4,); b5:LUT1(0,)|LUT1(1,)|LUT1(2,)|LUT1(3,)|LUT1(4,); b6:LUT1(0,)|LUT1(1,)|LUT1(2,)|LUT1(3,)|LUT1(4,); b7:LUT2(0, 2)|LUT2(2, 4)|LUT2(2, 6)|LUT2(3, 6)|LUT2(4, 6)"
fd48ee2f,bit_manipulation,v412_bit_lut_k123,abstain,,10110100,10110100,True,False,ambiguous_lut_prediction_bit_2,"{""accepted_counts"": [27, 27, 30], ""consistent_counts"": [29, 29, 32], ""reason"": ""ambiguous_lut_prediction_bit_2"", ""status"": ""abstain"", ""top_predictions"": [0, 1], ""top_score"": -10}"
4eb990f6,bit_manipulation,v412_bit_lut_k123,abstain,,00000001,00000001,True,False,ambiguous_lut_prediction_bit_4,"{""accepted_counts"": [91, 30, 29, 37, 37], ""consistent_counts"": [92, 30, 30, 37, 37], ""reason"": ""ambiguous_lut_prediction_bit_4"", ""status"": ""abstain"", ""top_predictions"": [0, 1], ""top_score"": -8}"
85af23eb,bit_manipulation,v412_bit_lut_k123,abstain,,00001111,00001111,True,False,ambiguous_lut_prediction_bit_0,"{""accepted_counts"": [7], ""consistent_counts"": [9], ""reason"": ""ambiguous_lut_prediction_bit_0"", ""status"": ""abstain"", ""top_predictions"": [0, 1], ""top_score"": 6}"
0e009c6d,equation_transform,v412_equation_vsa_ranked,abstain,,`?\!,@?`?,False,False,no_consistent_vsa_program,"{""program_count"": 0, ""reason"": ""no_consistent_vsa_program"", ""status"": ""abstain""}"
d2ac699b,bit_manipulation,v412_bit_lut_k123,abstain,,10001011,10001011,True,False,ambiguous_lut_prediction_bit_0,"{""accepted_counts"": [21], ""consistent_counts"": [37], ""reason"": ""ambiguous_lut_prediction_bit_0"", ""status"": ""abstain"", ""top_predictions"": [0, 1], ""top_score"": -8}"
b4b73143,equation_transform,v412_equation_vsa_ranked,abstain,,>\:,>!!/,False,False,no_consistent_vsa_program,"{""program_count"": 0, ""reason"": ""no_consistent_vsa_program"", ""status"": ""abstain""}"
3a148f6a,bit_manipulation,v412_bit_lut_k123,abstain,,00100111,00100111,True,False,ambiguous_lut_prediction_bit_0,"{""accepted_counts"": [8], ""consistent_counts"": [9], ""reason"": ""ambiguous_lut_prediction_bit_0"", ""status"": ""abstain"", ""top_predictions"": [0, 1], ""top_score"": 2}"
861cb154,equation_transform,v412_equation_vsa_ranked,abstain,,2271,10,False,False,no_consistent_vsa_program,"{""program_count"": 0, ""reason"": ""no_consistent_vsa_program"", ""status"": ""abstain""}"
90feb0c5,equation_transform,v412_equation_vsa_ranked,abstain,,:<],?>>>,False,False,no_consistent_vsa_program,"{""program_count"": 0, ""reason"": ""no_consistent_vsa_program"", ""status"": ""abstain""}"
c541eb82,equation_transform,v412_equation_vsa_ranked,candidate,-01,-01,-01,True,True,v412_vsa_ranked_unique_prediction,v412_numeric_vsa:same_op:rev_sub_ab:revop=0:revres=1=>-01@68; v412_numeric_vsa:same_op:sub_ab:revop=1:revres=1=>-01@68; v412_numeric_vsa:all_ops:rev_sub_ab:revop=0:revres=1=>-01@73; v412_numeric_vsa:all_ops:sub_ab:revop=1:revres=1=>-01@73
b9f1d959,equation_transform,v412_equation_vsa_ranked,abstain,,:>,"$""\[""",False,False,no_consistent_vsa_program,"{""program_count"": 0, ""reason"": ""no_consistent_vsa_program"", ""status"": ""abstain""}"
5374b4ba,bit_manipulation,v412_bit_lut_k123,abstain,,10101100,10101100,True,False,ambiguous_lut_prediction_bit_1,"{""accepted_counts"": [28, 23], ""consistent_counts"": [33, 30], ""reason"": ""ambiguous_lut_prediction_bit_1"", ""status"": ""abstain"", ""top_predictions"": [0, 1], ""top_score"": -10}"
ca5db1c0,equation_transform,v412_equation_vsa_ranked,abstain,,^,"\boxed({""'|})",False,False,no_consistent_vsa_program,"{""program_count"": 0, ""reason"": ""no_consistent_vsa_program"", ""status"": ""abstain""}"
16e73f0e,bit_manipulation,v412_bit_lut_k123,abstain,,00000001,00000001,True,False,ambiguous_lut_prediction_bit_5,"{""accepted_counts"": [64, 64, 64, 64, 24, 13], ""consistent_counts"": [92, 92, 92, 92, 30, 18], ""reason"": ""ambiguous_lut_prediction_bit_5"", ""status"": ""abstain"", ""top_predictions"": [0, 1], ""top_score"": 2}"
87007054,bit_manipulation,v412_bit_lut_k123,abstain,,10111111,10111111,True,False,ambiguous_lut_prediction_bit_0,"{""accepted_counts"": [11], ""consistent_counts"": [11], ""reason"": ""ambiguous_lut_prediction_bit_0"", ""status"": ""abstain"", ""top_predictions"": [0, 1], ""top_score"": 2}"
b8aa3072,bit_manipulation,v412_bit_lut_k123,abstain,,00000011,00000111,False,False,ambiguous_lut_prediction_bit_0,"{""accepted_counts"": [47], ""consistent_counts"": [65], ""reason"": ""ambiguous_lut_prediction_bit_0"", ""status"": ""abstain"", ""top_predictions"": [0, 1], ""top_score"": -2}"
9f1ff166,equation_transform,v412_equation_vsa_ranked,abstain,,[,"""]'/",False,False,no_consistent_vsa_program,"{""program_count"": 0, ""reason"": ""no_consistent_vsa_program"", ""status"": ""abstain""}"
82ae858c,bit_manipulation,v412_bit_lut_k123,abstain,,11001101,11111101,False,False,ambiguous_lut_prediction_bit_0,"{""accepted_counts"": [8], ""consistent_counts"": [10], ""reason"": ""ambiguous_lut_prediction_bit_0"", ""status"": ""abstain"", ""top_predictions"": [0, 1], ""top_score"": 2}"
1282c5c5,bit_manipulation,v412_bit_lut_k123,abstain,,00001110,00001110,True,False,ambiguous_lut_prediction_bit_0,"{""accepted_counts"": [6], ""consistent_counts"": [9], ""reason"": ""ambiguous_lut_prediction_bit_0"", ""status"": ""abstain"", ""top_predictions"": [0, 1], ""top_score"": 8}"
432b1110,equation_transform,v412_equation_vsa_ranked,candidate,\{<?,%[:?,\{<?,False,False,v412_vsa_ranked_unique_prediction,v412_symbolic_position_template:end4|end3|end1|end0=>\{<?@30; v412_symbolic_position_template:end4|end3|end1|start4=>\{<?@30; v412_symbolic_position_template:end4|end3|start3|end0=>\{<?@30; v412_symbolic_position_template:end4|end3|start3|start4=>\{<?@30; v412_symbolic_position_template:end4|start1|end1|end0=>\{<?@30
f333b67f,equation_transform,v412_equation_vsa_ranked,abstain,,100,100,True,False,no_consistent_vsa_program,"{""program_count"": 0, ""reason"": ""no_consistent_vsa_program"", ""status"": ""abstain""}"
f7d26b8d,equation_transform,v412_equation_vsa_ranked,abstain,,/@,[}}\,False,False,no_consistent_vsa_program,"{""program_count"": 0, ""reason"": ""no_consistent_vsa_program"", ""status"": ""abstain""}"
5ba26f21,bit_manipulation,v412_bit_lut_k123,abstain,,01011100,01111110,False,False,ambiguous_lut_prediction_bit_0,"{""accepted_counts"": [19], ""consistent_counts"": [42], ""reason"": ""ambiguous_lut_prediction_bit_0"", ""status"": ""abstain"", ""top_predictions"": [0, 1], ""top_score"": 6}"
a00fe76a,bit_manipulation,v412_bit_lut_k123,abstain,,10111011,10111011,True,False,ambiguous_lut_prediction_bit_2,"{""accepted_counts"": [27, 26, 30], ""consistent_counts"": [30, 29, 40], ""reason"": ""ambiguous_lut_prediction_bit_2"", ""status"": ""abstain"", ""top_predictions"": [0, 1], ""top_score"": -8}"
8e56a42e,equation_transform,v412_equation_vsa_ranked,abstain,,%/<>,%/<>,True,False,no_consistent_vsa_program,"{""program_count"": 0, ""reason"": ""no_consistent_vsa_program"", ""status"": ""abstain""}"
0e3962f6,bit_manipulation,v412_bit_lut_k123,abstain,,11111110,11111110,True,False,ambiguous_lut_prediction_bit_0,"{""accepted_counts"": [28], ""consistent_counts"": [46], ""reason"": ""ambiguous_lut_prediction_bit_0"", ""status"": ""abstain"", ""top_predictions"": [0, 1], ""top_score"": -8}"
20f0fac9,equation_transform,v412_equation_vsa_ranked,abstain,,2976,65,False,False,no_consistent_vsa_program,"{""program_count"": 0, ""reason"": ""no_consistent_vsa_program"", ""status"": ""abstain""}"
26e48e98,equation_transform,v412_equation_vsa_ranked,abstain,,){|,"""%]%{""",False,False,no_consistent_vsa_program,"{""program_count"": 0, ""reason"": ""no_consistent_vsa_program"", ""status"": ""abstain""}"
0290f51a,bit_manipulation,v412_bit_lut_k123,abstain,,10101111,10101111,True,False,ambiguous_lut_prediction_bit_5,"{""accepted_counts"": [7, 13, 13, 23, 25, 24], ""consistent_counts"": [7, 13, 13, 29, 29, 28], ""reason"": ""ambiguous_lut_prediction_bit_5"", ""status"": ""abstain"", ""top_predictions"": [0, 1], ""top_score"": 4}"
c30a782a,bit_manipulation,v412_bit_lut_k123,abstain,,01000110,01000110,True,False,ambiguous_lut_prediction_bit_0,"{""accepted_counts"": [47], ""consistent_counts"": [48], ""reason"": ""ambiguous_lut_prediction_bit_0"", ""status"": ""abstain"", ""top_predictions"": [0, 1], ""top_score"": 2}"
3d24aef4,bit_manipulation,v412_bit_lut_k123,abstain,,10100101,10100101,True,False,ambiguous_lut_prediction_bit_3,"{""accepted_counts"": [19, 17, 10, 23], ""consistent_counts"": [34, 32, 31, 35], ""reason"": ""ambiguous_lut_prediction_bit_3"", ""status"": ""abstain"", ""top_predictions"": [0, 1], ""top_score"": -8}"
5501c054,equation_transform,v412_equation_vsa_ranked,abstain,,[#>#,!##^,False,False,no_consistent_vsa_program,"{""program_count"": 0, ""reason"": ""no_consistent_vsa_program"", ""status"": ""abstain""}"
ea6d926a,equation_transform,v412_equation_vsa_ranked,abstain,,87,37,False,False,no_consistent_vsa_program,"{""program_count"": 0, ""reason"": ""no_consistent_vsa_program"", ""status"": ""abstain""}"
