path,reason
artifacts\hf_cpu_runs\v271_current_best_error_miner_20260511T1010Z\v271_equation_current_best_misses.csv,missing_id_or_prediction
artifacts\hf_cpu_runs\v271_current_best_error_miner_20260511T1010Z\v271_equation_miss_subtype_summary.csv,missing_id_or_prediction
artifacts\hf_cpu_runs\v271_current_best_error_miner_20260511T1010Z\v271_equation_operator_summary.csv,missing_id_or_prediction
artifacts\hf_cpu_runs\v271_current_best_error_miner_20260511T1010Z\v271_family_score_summary.csv,missing_id_or_prediction
artifacts\hf_cpu_runs\v271_current_best_error_miner_20260511T1010Z\v271_v269_checkpoint2_reasoning_smoke_vs_current_best_diff.csv,missing_id_or_prediction
artifacts\hf_cpu_runs\v271_current_best_error_miner_20260511T1010Z\v271_v269_final_reasoning_smoke_vs_current_best_diff.csv,missing_id_or_prediction
artifacts\hf_cpu_runs\v272_current_equation_solver_audit_20260511T1020Z\v272_equation_solver_candidate_audit.csv,weak_overlap_too_small:1
artifacts\hf_cpu_runs\v272_current_equation_solver_audit_20260511T1020Z\v272_rule_class_summary.csv,missing_id_or_prediction
artifacts\hf_cpu_runs\v272_current_equation_solver_audit_20260511T1020Z\v272_verified_promotable_candidates.csv,weak_overlap_too_small:0
artifacts\hf_cpu_runs\v273_cryptarithm_solver_audit_20260511T1035Z\v273_cryptarithm_solver_candidate_audit.csv,weak_overlap_too_small:7
artifacts\hf_cpu_runs\v273_cryptarithm_solver_audit_20260511T1035Z\v273_cryptarithm_solver_summary.csv,missing_id_or_prediction
artifacts\hf_cpu_runs\v273_cryptarithm_solver_audit_20260511T1035Z\v273_verified_promotable_candidates.csv,weak_overlap_too_small:0
artifacts\hf_cpu_runs\v278_symbolic_pbe_dsl_audit_20260511T123910Z\v278_rule_class_summary.csv,missing_id_or_prediction
artifacts\hf_cpu_runs\v278_symbolic_pbe_dsl_audit_20260511T123910Z\v278_symbolic_pbe_dsl_audit.csv,weak_overlap_too_small:3
artifacts\hf_cpu_runs\v278_symbolic_pbe_dsl_audit_20260511T123910Z\v278_verified_candidates.csv,weak_overlap_too_small:0
artifacts\hf_cpu_runs\v278_symbolic_pbe_dsl_audit_20260511T123910Z\v278_verified_promotable_candidates.csv,weak_overlap_too_small:0
artifacts\hf_cpu_runs\v279_external_lora_static_gate_20260511T1245Z\v279_external_lora_static_gate.csv,missing_id_or_prediction
artifacts\hf_cpu_runs\v280_andy279_trace_access_gate_local\v280_andy279_trace_access_gate_access_gate.csv,missing_id_or_prediction
artifacts\hf_eval_diffs\drive_v221_v194_vs_hf_v255_v194_correctness_deltas_20260511.csv,missing_id_or_prediction
artifacts\hf_eval_diffs\drive_v221_v194_vs_hf_v255_v194_family_delta_20260511.csv,missing_id_or_prediction
artifacts\hf_eval_diffs\drive_v226_vs_hf_v256_v226_correctness_deltas_20260511.csv,missing_id_or_prediction
artifacts\hf_eval_diffs\drive_v226_vs_hf_v256_v226_family_delta_20260511.csv,missing_id_or_prediction
artifacts\hf_eval_diffs\v255_v194_vs_v258_ckpt4_correctness_deltas_20260511.csv,missing_id_or_prediction
artifacts\hf_eval_diffs\v255_v194_vs_v258_ckpt4_family_delta_20260511.csv,missing_id_or_prediction
artifacts\hf_eval_diffs\v255_v256_correctness_deltas_20260511.csv,missing_id_or_prediction
artifacts\hf_eval_diffs\v255_v256_family_delta_20260511.csv,missing_id_or_prediction
artifacts\hf_eval_diffs\v256_v226_vs_v258_ckpt4_correctness_deltas_20260511.csv,missing_id_or_prediction
artifacts\hf_eval_diffs\v256_v226_vs_v258_ckpt4_family_delta_20260511.csv,missing_id_or_prediction
artifacts\hf_eval_diffs\v260b_v259_eqfocus_20260511\v260b_vs_v258_checkpoint4_changed_rows.csv,missing_id_or_prediction
artifacts\hf_eval_diffs\v263_soups_vs_v260b_20260511\v263_soups_vs_v260b_correctness_matrix.csv,missing_id_or_prediction
artifacts\hf_eval_diffs\v263_soups_vs_v260b_20260511\v263_soups_vs_v260b_summary.csv,missing_id_or_prediction
artifacts\hf_eval_diffs\v270_v269_reasoning_20260511\v270_v269_checkpoint2_vs_v259_checkpoint4_changed_rows.csv,missing_id_or_prediction
artifacts\hf_eval_diffs\v270_v269_reasoning_20260511\v270_v269_final_vs_v259_checkpoint4_changed_rows.csv,missing_id_or_prediction
artifacts\v290_hf_weak_eval_results\v290-h200-v221contract-rank19-micro-patch-20260511T200448Z\batch_candidate_summary.csv,missing_id_or_prediction
artifacts\v290_rank19_micro_patch_reference\runtime_artifacts\v245_weak_eval_bridge\v245-weak-bridge-hfonly-20260510T1950Z\v221_weak_315.csv,missing_id_or_prediction
artifacts\v291_official_like_v290_full_eval_results\v291_h200_20260511T212028Z\batch_candidate_summary.csv,missing_id_or_prediction
artifacts\v291_official_like_v290_full_eval_results\v291_h200_20260511T212028Z\v291_hf_official_like_v291_v290_checkpoint_6_official_like_full947_per_task.csv,missing_id_or_prediction
artifacts\v293_hf_h200_v274_distill_launch\v293_eval_results\01_bfdbbc0904_batch_candidate_summary.csv,missing_id_or_prediction
artifacts\v293_hf_h200_v274_distill_launch\v293_eval_results\03_3b0f364cb1_candidate_preflight.csv,missing_id_or_prediction
artifacts\v293_hf_h200_v274_distill_launch\v293_eval_results\05_0e83978c8b_v293_hf_weak_v293_checkpoint_12_v221_contract_per_task.csv,missing_id_or_prediction
artifacts\v293_hf_h200_v274_distill_launch\v293_eval_results\09_15cd38d517_v293_hf_weak_v293_checkpoint_3_v221_contract_per_task.csv,missing_id_or_prediction
artifacts\v293_hf_h200_v274_distill_launch\v293_eval_results\13_3163177535_v293_hf_weak_v293_checkpoint_6_v221_contract_per_task.csv,missing_id_or_prediction
artifacts\v293_hf_h200_v274_distill_launch\v293_eval_results\17_870928b6ba_v293_hf_weak_v293_checkpoint_9_v221_contract_per_task.csv,missing_id_or_prediction
artifacts\v294_hf_h200_equation_rep_patch_launch\eval_v294-h200-v221contract-eq-rep-patch-20260512T022129Z\batch_candidate_summary.csv,missing_id_or_prediction
artifacts\v294_hf_h200_equation_rep_patch_launch\eval_v294-h200-v221contract-eq-rep-patch-20260512T022129Z\candidate_preflight.csv,missing_id_or_prediction
artifacts\v308_hf_h200_v304_attention_lmhead_launch\eval_v308-h200-v221contract-v304-attn-lmhead-20260512T174756Z\batch_candidate_summary.csv,missing_id_or_prediction
artifacts\v313_hf_h200_v312_verifier_synthetic_launch\results_20260512T202832Z\batch_candidate_summary.csv,missing_id_or_prediction
artifacts\v313_hf_h200_v312_verifier_synthetic_launch\results_20260512T202832Z\evals\v313-h200-v221contract-v312-verifier-synth-20260512T195231Z\eval\batch_candidate_summary.csv,missing_id_or_prediction
artifacts\v314_hf_h200_existing_checkpoint_sweep_launch\results_20260512T211233Z\evals\v314-h200-v221contract-v308-early-ckpt-sweep-20260512T203626Z\eval\batch_candidate_summary.csv,missing_id_or_prediction
artifacts\v314_hf_h200_existing_checkpoint_sweep_launch\results_20260512T211233Z\evals\v314-h200-v221contract-v308-early-ckpt-sweep-20260512T203626Z\eval\candidate_preflight.csv,missing_id_or_prediction
artifacts\v321_hf_nemo_a100_v304_v312_attn_lmhead_launch\eval_v321-h200-v221contract-v304-v312-attn-lmhead-20260513T051616Z\batch_candidate_summary.csv,missing_id_or_prediction
artifacts\v321_hf_nemo_a100_v304_v312_attn_lmhead_launch\eval_v321-h200-v221contract-v304-v312-attn-lmhead-20260513T051616Z\complementarity\summary.csv,missing_id_or_prediction
artifacts\v321_hf_nemo_a100_v304_v312_attn_lmhead_launch\eval_v321-h200-v221contract-v304-v312-attn-lmhead-20260513T051616Z\complementarity\v321_ckpt10_gains.csv,missing_id_or_prediction
artifacts\v321_hf_nemo_a100_v304_v312_attn_lmhead_launch\eval_v321-h200-v221contract-v304-v312-attn-lmhead-20260513T051616Z\complementarity\v321_ckpt10_losses.csv,missing_id_or_prediction
artifacts\v321_hf_nemo_a100_v304_v312_attn_lmhead_launch\eval_v321-h200-v221contract-v304-v312-attn-lmhead-20260513T051616Z\complementarity\v321_ckpt10_ww_head80.csv,missing_id_or_prediction
artifacts\v321_hf_nemo_a100_v304_v312_attn_lmhead_launch\eval_v321-h200-v221contract-v304-v312-attn-lmhead-20260513T051616Z\complementarity\v321_ckpt2_gains.csv,missing_id_or_prediction
artifacts\v321_hf_nemo_a100_v304_v312_attn_lmhead_launch\eval_v321-h200-v221contract-v304-v312-attn-lmhead-20260513T051616Z\complementarity\v321_ckpt2_losses.csv,missing_id_or_prediction
artifacts\v321_hf_nemo_a100_v304_v312_attn_lmhead_launch\eval_v321-h200-v221contract-v304-v312-attn-lmhead-20260513T051616Z\complementarity\v321_ckpt2_ww_head80.csv,missing_id_or_prediction
artifacts\v321_hf_nemo_a100_v304_v312_attn_lmhead_launch\eval_v321-h200-v221contract-v304-v312-attn-lmhead-20260513T051616Z\complementarity\v321_final_gains.csv,missing_id_or_prediction
artifacts\v321_hf_nemo_a100_v304_v312_attn_lmhead_launch\eval_v321-h200-v221contract-v304-v312-attn-lmhead-20260513T051616Z\complementarity\v321_final_losses.csv,missing_id_or_prediction
artifacts\v321_hf_nemo_a100_v304_v312_attn_lmhead_launch\eval_v321-h200-v221contract-v304-v312-attn-lmhead-20260513T051616Z\complementarity\v321_final_ww_head80.csv,missing_id_or_prediction
artifacts\v322_hf_nemo_a100_v51_filtered_hybrid_launch\eval_v322-h200-v221contract-v51-filtered-hybrid-20260513T085954Z\batch_candidate_summary.csv,missing_id_or_prediction
artifacts\v322_hf_nemo_a100_v51_filtered_hybrid_launch\eval_v322-h200-v221contract-v51-filtered-hybrid-20260513T085954Z\candidate_preflight.csv,missing_id_or_prediction
artifacts\v347_v346_failure_audit\input\v346_checkpoint2_per_task.csv,missing_id_or_prediction
artifacts\v352_hf_a100_v351_bit_transfer_launch\eval_v352_checkpoint2\batch_candidate_summary.csv,missing_id_or_prediction
artifacts\v352_hf_a100_v351_bit_transfer_launch\eval_v352_checkpoint2\candidate_preflight.csv,missing_id_or_prediction
artifacts\v352_hf_a100_v351_bit_transfer_launch\eval_v352_checkpoint2\per_task.csv,missing_id_or_prediction
artifacts\v362_hf_a100_v361_boxed_only_launch\eval_cp1\cp1_batch_candidate_summary.csv,missing_id_or_prediction
artifacts\v362_hf_a100_v361_boxed_only_launch\eval_cp1\cp1_per_task.csv,missing_id_or_prediction
artifacts\v368_hf_a100_v367_bit_ternary_launch\eval_checkpoint1\batch_candidate_summary.csv,missing_id_or_prediction
artifacts\v368_hf_a100_v367_bit_ternary_launch\eval_checkpoint1\candidate_preflight.csv,missing_id_or_prediction
artifacts\v368_hf_a100_v367_bit_ternary_launch\eval_checkpoint1\per_task.csv,missing_id_or_prediction
artifacts\v372_hf_a100_v371_trace_style_launch\eval_v372_checkpoint1\evals\v372-h200-v221contract-v371-trace-style-cp1-20260514T132004Z\eval\batch_candidate_summary.csv,missing_id_or_prediction
artifacts\v372_hf_a100_v371_trace_style_launch\eval_v372_checkpoint1\evals\v372-h200-v221contract-v371-trace-style-cp1-20260514T132004Z\eval\candidate_preflight.csv,missing_id_or_prediction
artifacts\v389_hf_a100_v388_soup_weak_eval_launch\results_v389-h200-v388-soup-weak-20260514T190741Z\evals\v389-h200-v388-soup-weak-20260514T190741Z\eval\batch_candidate_summary.csv,missing_id_or_prediction
artifacts\v398_hf_nemo_h200_sft_reconstructed_launch\evals\v398-h200-v221contract-sft-reconstructed-20260514T225622Z\batch_candidate_summary.csv,missing_id_or_prediction
artifacts\v399_v398_pairwise_complementarity\20260514T_v399_pairwise\v398_checkpoint_2_changed_rows.csv,missing_id_or_prediction
artifacts\v399_v398_pairwise_complementarity\20260514T_v399_pairwise\v398_checkpoint_4_changed_rows.csv,missing_id_or_prediction
artifacts\v400_hf_h200_algorithmic_prompt_sweep_launch\results_20260514T233000Z\bit_stride_guarded_batch_candidate_summary.csv,missing_id_or_prediction
artifacts\v400_hf_h200_algorithmic_prompt_sweep_launch\results_20260514T233000Z\symbolic_equation_first_batch_candidate_summary.csv,missing_id_or_prediction
