id,prompt,answer,family,baseline_prediction,baseline_correct,baseline_truncated,v368_prediction,v368_correct,v368_truncated,v366_prediction,v366_correct,v366_source_rule,current_prediction,current_correct
4ef88f92,"In Alice's Wonderland, a secret bit manipulation rule transforms 8-bit binary numbers. The transformation involves operations like bit shifts, rotations, XOR, AND, OR, NOT, and possibly majority or choice functions.

Here are some examples of input -> output:
01101101 -> 10010111
01000001 -> 01111101
11001110 -> 01011110
10011110 -> 10111011
01111010 -> 11100111
01110101 -> 11000111
00110100 -> 01000111
01101100 -> 10010111
10010101 -> 10001001
11011000 -> 00101111

Now, determine the output for: 00110011",01010111,bit_manipulation,01010011,False,False,01010111,True,False,01010111,True,,01010111,True
